Workbook
Name └_KAID_명의도용_방지서비스__Msafer: CSR!#REF!
Name 공통: CSR!$D$93:$D$112
Name 구분: #REF!
Name 기능고도화: #REF!
Name 마케팅: #REF!
Name 사업담당: #REF!
Name 서비스운영: CSR!$D$93:$D$112
Name 서비스품질관리: #REF!
Name 시스템운영: CSR!#REF!
Name 신규사업개발: #REF!
Name 신규서비스개발: CSR!#REF!
Name 인증플랫폼: CSR!#REF!
Name PASS기능개발: CSR!$D$68:$D$77
Name PASS활성화이벤트: CSR!$D$82:$D$89

Sheet CSR
E1: VarChar() | F1: Character | G1: =E&F | H1: 파트너 | L1: 사업계획 | M1: YYYY-MM | N1: 완료
E2: ABC_123 | F2: 012 | G2: =E2&"_"&F2 -> ABC_123_012 | H2: SI | L2: 신규 | N2: 진행중(개발착수 후~)
H3: ATON투자 | N3: 진행예정(협의개시~개발착수 전)
N4: 진행취소
B9: 사업추진과제 | H9: 업무요청 | L9: 처리일정 | O9: 인력투입(M/M) | AC9: 비고
B10: 구분 | C10: 중점추진과제 | D10: 상세추진과제 | E10: CSR_Level1 | F10: Level2 | G10: 업무아이디 | H10: R&R | I10: 요청일 | J10: 사업담당 | K10: 개발담당 | L10: 구분 | M10: 배포일정 | N10: 진행상태 | O10: 계획 | P10: 실적 | Q10: 25년 11월 | R10: 25년 12월 | S10: 26년 01월 | T10: 26년 02월 | U10: 26년 03월 | V10: 26년 04월 | W10: 26년 05월 | X10: 26년 06월 | Y10: 26년 07월 | Z10: 26년 08월 | AA10: 26년 09월 | AB10: 26년 10월
B11: 기능 고도화 | C11: PASS기능개발 | D11: PASS앱 광고영역 확대 및 고도화 (구글광고 연동 등) | E11: CSR_10100 | H11: 파트너 | J11: 이제훈C | K11: 백광규C | L11: 사업계획 | O11: 5 | P11: =SUM(Q11:AB11) -> 0.18421053 | Q11: =SUMIF('25년11월'!$F$1:$I$792,CSR!E11,'25년11월'!I:I) -> 0.13157895 | R11: =SUMIF('25년12월'!$F$1:$I$764,CSR!E11,'25년12월'!I:I) -> 0.052631579 | S11: =SUMIF('26년01월'!$F$1:$I$741,CSR!E11,'26년01월'!I:I) -> 0 | T11: =SUMIF('26년02월'!$F$1:$I$734,CSR!E11,'26년02월'!I:I) -> 0 | U11: =SUMIF('26년03월'!$F$1:$I$738,CSR!E11,'26년03월'!I:I) -> 0 | V11: =SUMIF('26년04월'!$F$1:$I$741,CSR!E11,'26년04월'!I:I) -> 0 | W11: =SUMIF('26년05월'!$F$1:$I$744,CSR!E11,'26년05월'!I:I) -> 0
D12: PASS 홈 화면 고도화 (쉬운 화면 적용 등) | E12: CSR_10200 | H12: 파트너 | J12: 박성훈C | K12: 백광규C | L12: 사업계획 | O12: 15 | P12: =SUM(Q12:AB12) -> 0.13157895 | Q12: =SUMIF('25년11월'!$F$1:$I$792,CSR!E12,'25년11월'!I:I) -> 0.052631579 | R12: =SUMIF('25년12월'!$F$1:$I$764,CSR!E12,'25년12월'!I:I) -> 0 | S12: =SUMIF('26년01월'!$F$1:$I$741,CSR!E12,'26년01월'!I:I) -> 0 | T12: =SUMIF('26년02월'!$F$1:$I$734,CSR!E12,'26년02월'!I:I) -> 0 | U12: =SUMIF('26년03월'!$F$1:$I$738,CSR!E12,'26년03월'!I:I) -> 0 | V12: =SUMIF('26년04월'!$F$1:$I$741,CSR!E12,'26년04월'!I:I) -> 0 | W12: =SUMIF('26년05월'!$F$1:$I$744,CSR!E12,'26년05월'!I:I) -> 0.078947368
D13: ㄴPASS MAIN 개편 | E13: CSR_10201 | H13: 파트너 | J13: 박성훈C | K13: 백광규C
D14: PASS 다크모드 지원 | E14: CSR_10300 | H14: 파트너 | J14: 박성훈C | K14: 백광규C | L14: 사업계획 | O14: 5 | P14: =SUM(Q14:AB14) -> 0.10526316 | Q14: =SUMIF('25년11월'!$F$1:$I$792,CSR!E14,'25년11월'!I:I) -> 0 | R14: =SUMIF('25년12월'!$F$1:$I$764,CSR!E14,'25년12월'!I:I) -> 0.10526316 | S14: =SUMIF('26년01월'!$F$1:$I$741,CSR!E14,'26년01월'!I:I) -> 0 | T14: =SUMIF('26년02월'!$F$1:$I$734,CSR!E14,'26년02월'!I:I) -> 0 | U14: =SUMIF('26년03월'!$F$1:$I$738,CSR!E14,'26년03월'!I:I) -> 0 | V14: =SUMIF('26년04월'!$F$1:$I$741,CSR!E14,'26년04월'!I:I) -> 0 | W14: =SUMIF('26년05월'!$F$1:$I$744,CSR!E14,'26년05월'!I:I) -> 0
D15: PASS MY 화면 고도화 | E15: CSR_10400 | H15: 파트너 | J15: 박성훈C | K15: 백광규C | L15: 사업계획 | M15: 26년 3월 | N15: 진행중 | O15: 10 | P15: =SUM(Q15:AB15) -> 11.773684 | Q15: =SUMIF('25년11월'!$F$1:$I$792,CSR!E15,'25년11월'!I:I) -> 0.5 | R15: =SUMIF('25년12월'!$F$1:$I$764,CSR!E15,'25년12월'!I:I) -> 3.3157895 | S15: =SUMIF('26년01월'!$F$1:$I$741,CSR!E15,'26년01월'!I:I) -> 3.3947368 | T15: =SUMIF('26년02월'!$F$1:$I$734,CSR!E15,'26년02월'!I:I) -> 0.78947368 | U15: =SUMIF('26년03월'!$F$1:$I$738,CSR!E15,'26년03월'!I:I) -> 1.2368421 | V15: =SUMIF('26년04월'!$F$1:$I$741,CSR!E15,'26년04월'!I:I) -> 1.9736842 | W15: =SUMIF('26년05월'!$F$1:$I$744,CSR!E15,'26년05월'!I:I) -> 0.56315789
D16: PASS 전체 화면 고도화 | E16: CSR_10500 | H16: 파트너 | J16: 박성훈C | K16: 백광규C | L16: 사업계획 | O16: 5 | P16: =SUM(Q16:AB16) -> 0 | Q16: =SUMIF('25년11월'!$F$1:$I$792,CSR!E16,'25년11월'!I:I) -> 0 | R16: =SUMIF('25년12월'!$F$1:$I$764,CSR!E16,'25년12월'!I:I) -> 0 | S16: =SUMIF('26년01월'!$F$1:$I$741,CSR!E16,'26년01월'!I:I) -> 0 | T16: =SUMIF('26년02월'!$F$1:$I$734,CSR!E16,'26년02월'!I:I) -> 0 | U16: =SUMIF('26년03월'!$F$1:$I$738,CSR!E16,'26년03월'!I:I) -> 0 | V16: =SUMIF('26년04월'!$F$1:$I$741,CSR!E16,'26년04월'!I:I) -> 0 | W16: =SUMIF('26년05월'!$F$1:$I$744,CSR!E16,'26년05월'!I:I) -> 0
D17: PASS 알림내역 화면 고도화 | E17: CSR_10600 | H17: 파트너 | J17: 박성훈C | K17: 백광규C | L17: 사업계획 | O17: 5 | P17: =SUM(Q17:AB17) -> 0.26315789 | Q17: =SUMIF('25년11월'!$F$1:$I$792,CSR!E17,'25년11월'!I:I) -> 0.26315789 | R17: =SUMIF('25년12월'!$F$1:$I$764,CSR!E17,'25년12월'!I:I) -> 0 | S17: =SUMIF('26년01월'!$F$1:$I$741,CSR!E17,'26년01월'!I:I) -> 0 | T17: =SUMIF('26년02월'!$F$1:$I$734,CSR!E17,'26년02월'!I:I) -> 0 | U17: =SUMIF('26년03월'!$F$1:$I$738,CSR!E17,'26년03월'!I:I) -> 0 | V17: =SUMIF('26년04월'!$F$1:$I$741,CSR!E17,'26년04월'!I:I) -> 0 | W17: =SUMIF('26년05월'!$F$1:$I$744,CSR!E17,'26년05월'!I:I) -> 0
D18: PASS 앱인앱 고도화 (웹뷰 고도화) | E18: CSR_10700 | H18: 파트너 | J18: 박성훈C | K18: 백광규C | L18: 사업계획 | N18: 진행중 | O18: 5 | P18: =SUM(Q18:AB18) -> 1 | Q18: =SUMIF('25년11월'!$F$1:$I$792,CSR!E18,'25년11월'!I:I) -> 0 | R18: =SUMIF('25년12월'!$F$1:$I$764,CSR!E18,'25년12월'!I:I) -> 0.5 | S18: =SUMIF('26년01월'!$F$1:$I$741,CSR!E18,'26년01월'!I:I) -> 0 | T18: =SUMIF('26년02월'!$F$1:$I$734,CSR!E18,'26년02월'!I:I) -> 0 | U18: =SUMIF('26년03월'!$F$1:$I$738,CSR!E18,'26년03월'!I:I) -> 0.31578947 | V18: =SUMIF('26년04월'!$F$1:$I$741,CSR!E18,'26년04월'!I:I) -> 0.15789474 | W18: =SUMIF('26년05월'!$F$1:$I$744,CSR!E18,'26년05월'!I:I) -> 0.026315789
D19: PASS 주소록 기능 개발 | E19: CSR_10800 | H19: 파트너 | J19: 박성훈C | K19: 백광규C | L19: 사업계획 | N19: 진행중 | O19: 5 | P19: =SUM(Q19:AB19) -> 7.7894737 | Q19: =SUMIF('25년11월'!$F$1:$I$792,CSR!E19,'25년11월'!I:I) -> 0 | R19: =SUMIF('25년12월'!$F$1:$I$764,CSR!E19,'25년12월'!I:I) -> 0 | S19: =SUMIF('26년01월'!$F$1:$I$741,CSR!E19,'26년01월'!I:I) -> 1.7894737 | T19: =SUMIF('26년02월'!$F$1:$I$734,CSR!E19,'26년02월'!I:I) -> 2.5 | U19: =SUMIF('26년03월'!$F$1:$I$738,CSR!E19,'26년03월'!I:I) -> 0.73684211 | V19: =SUMIF('26년04월'!$F$1:$I$741,CSR!E19,'26년04월'!I:I) -> 1.7105263 | W19: =SUMIF('26년05월'!$F$1:$I$744,CSR!E19,'26년05월'!I:I) -> 1.0526316
D20: PASS 운영/마케팅 기능 개선 | E20: CSR_10900 | H20: 파트너 | J20: 이제훈C | K20: 백광규C | L20: 사업계획 | O20: 8 | P20: =SUM(Q20:AB20) -> 0 | Q20: =SUMIF('25년11월'!$F$1:$I$792,CSR!E20,'25년11월'!I:I) -> 0 | R20: =SUMIF('25년12월'!$F$1:$I$764,CSR!E20,'25년12월'!I:I) -> 0 | S20: =SUMIF('26년01월'!$F$1:$I$741,CSR!E20,'26년01월'!I:I) -> 0 | T20: =SUMIF('26년02월'!$F$1:$I$734,CSR!E20,'26년02월'!I:I) -> 0 | U20: =SUMIF('26년03월'!$F$1:$I$738,CSR!E20,'26년03월'!I:I) -> 0 | V20: =SUMIF('26년04월'!$F$1:$I$741,CSR!E20,'26년04월'!I:I) -> 0 | W20: =SUMIF('26년05월'!$F$1:$I$744,CSR!E20,'26년05월'!I:I) -> 0
D21: PASS 로그인 방식 개선 (정책 강화 등) | E21: CSR_11000 | H21: 파트너 | J21: 박성훈C | K21: 백광규C | L21: 사업계획 | N21: 진행중 | O21: 5 | P21: =SUM(Q21:AB21) -> 0.42105263 | Q21: =SUMIF('25년11월'!$F$1:$I$792,CSR!E21,'25년11월'!I:I) -> 0 | R21: =SUMIF('25년12월'!$F$1:$I$764,CSR!E21,'25년12월'!I:I) -> 0 | S21: =SUMIF('26년01월'!$F$1:$I$741,CSR!E21,'26년01월'!I:I) -> 0 | T21: =SUMIF('26년02월'!$F$1:$I$734,CSR!E21,'26년02월'!I:I) -> 0.15789474 | U21: =SUMIF('26년03월'!$F$1:$I$738,CSR!E21,'26년03월'!I:I) -> 0.078947368 | V21: =SUMIF('26년04월'!$F$1:$I$741,CSR!E21,'26년04월'!I:I) -> 0.078947368 | W21: =SUMIF('26년05월'!$F$1:$I$744,CSR!E21,'26년05월'!I:I) -> 0.10526316
D22: ㄴ PIN 인증방식 전환 | E22: CSR_11001 | H22: 파트너 | J22: 박성훈C | K22: 백광규C | N22: 진행중 | P22: =SUM(Q22:AB22) -> 0 | U22: =SUMIF('26년03월'!$F$1:$I$738,CSR!E22,'26년03월'!I:I) -> 0 | V22: =SUMIF('26년04월'!$F$1:$I$741,CSR!E22,'26년04월'!I:I) -> 0 | W22: =SUMIF('26년05월'!$F$1:$I$744,CSR!E22,'26년05월'!I:I) -> 0
D23: ㄴ JWT 도입에 따른 앱 진입/인증 흐름 개선 | E23: CSR_11002 | H23: 파트너 | J23: 박성훈C | K23: 백광규C | N23: 진행중 | P23: =SUM(Q23:AB23) -> 0.57894737 | U23: =SUMIF('26년03월'!$F$1:$I$738,CSR!E23,'26년03월'!I:I) -> 0.57894737 | V23: =SUMIF('26년04월'!$F$1:$I$741,CSR!E23,'26년04월'!I:I) -> 0 | W23: =SUMIF('26년05월'!$F$1:$I$744,CSR!E23,'26년05월'!I:I) -> 0
D24: PASS 공통 화면 개선 (모달형태 약관 화면 적용, 알림팝업 적용 등) | E24: CSR_11100 | H24: 파트너 | J24: 박성훈C | K24: 백광규C | L24: 사업계획 | N24: 진행중 | O24: 5 | P24: =SUM(Q24:AB24) -> 1.5263158 | Q24: =SUMIF('25년11월'!$F$1:$I$792,CSR!E24,'25년11월'!I:I) -> 0.026315789 | R24: =SUMIF('25년12월'!$F$1:$I$764,CSR!E24,'25년12월'!I:I) -> 0.10526316 | S24: =SUMIF('26년01월'!$F$1:$I$741,CSR!E24,'26년01월'!I:I) -> 0.26315789 | T24: =SUMIF('26년02월'!$F$1:$I$734,CSR!E24,'26년02월'!I:I) -> 0.36842105 | U24: =SUMIF('26년03월'!$F$1:$I$738,CSR!E24,'26년03월'!I:I) -> 0.39473684 | V24: =SUMIF('26년04월'!$F$1:$I$741,CSR!E24,'26년04월'!I:I) -> 0.18421053 | W24: =SUMIF('26년05월'!$F$1:$I$744,CSR!E24,'26년05월'!I:I) -> 0.18421053
D25: PASS 홈페이지 고도화 | E25: CSR_11200 | H25: 파트너 | J25: 박성훈C | K25: 백광규C | L25: 사업계획 | N25: 진행중 | O25: 2 | P25: =SUM(Q25:AB25) -> 0 | Q25: =SUMIF('25년11월'!$F$1:$I$792,CSR!E25,'25년11월'!I:I) -> 0 | R25: =SUMIF('25년12월'!$F$1:$I$764,CSR!E25,'25년12월'!I:I) -> 0 | S25: =SUMIF('26년01월'!$F$1:$I$741,CSR!E25,'26년01월'!I:I) -> 0 | T25: =SUMIF('26년02월'!$F$1:$I$734,CSR!E25,'26년02월'!I:I) -> 0 | U25: =SUMIF('26년03월'!$F$1:$I$738,CSR!E25,'26년03월'!I:I) -> 0 | V25: =SUMIF('26년04월'!$F$1:$I$741,CSR!E25,'26년04월'!I:I) -> 0 | W25: =SUMIF('26년05월'!$F$1:$I$744,CSR!E25,'26년05월'!I:I) -> 0
D26: 서비스 개발 | E26: CSR_11300 | H26: 파트너 | J26: 박성훈C | K26: 백광규C | L26: 사업계획 | N26: 진행중 | O26: 10 | P26: =SUM(Q26:AB26) -> 21.078947 | Q26: =SUMIF('25년11월'!$F$1:$I$792,CSR!E26,'25년11월'!I:I) -> 1.3684211 | R26: =SUMIF('25년12월'!$F$1:$I$764,CSR!E26,'25년12월'!I:I) -> 2.3421053 | S26: =SUMIF('26년01월'!$F$1:$I$741,CSR!E26,'26년01월'!I:I) -> 2 | T26: =SUMIF('26년02월'!$F$1:$I$734,CSR!E26,'26년02월'!I:I) -> 0.52631579 | U26: =SUMIF('26년03월'!$F$1:$I$738,CSR!E26,'26년03월'!I:I) -> 1.7894737 | V26: =SUMIF('26년04월'!$F$1:$I$741,CSR!E26,'26년04월'!I:I) -> 8.1052632 | W26: =SUMIF('26년05월'!$F$1:$I$744,CSR!E26,'26년05월'!I:I) -> 4.9473684
D27: ㄴ회원가입화면 개선 | E27: CSR_11301 | H27: 파트너 | J27: 박성훈C | K27: 백광규C | M27: 25년 12월 | N27: 완료 | P27: =SUM(Q27:AB27) -> 0.28947368 | Q27: =SUMIF('25년11월'!$F$1:$I$792,CSR!E27,'25년11월'!I:I) -> 0.26315789 | R27: =SUMIF('25년12월'!$F$1:$I$764,CSR!E27,'25년12월'!I:I) -> 0.026315789 | S27: =SUMIF('26년01월'!$F$1:$I$741,CSR!E27,'26년01월'!I:I) -> 0 | T27: =SUMIF('26년02월'!$F$1:$I$734,CSR!E27,'26년02월'!I:I) -> 0 | U27: =SUMIF('26년03월'!$F$1:$I$738,CSR!E27,'26년03월'!I:I) -> 0 | V27: =SUMIF('26년04월'!$F$1:$I$741,CSR!E27,'26년04월'!I:I) -> 0 | W27: =SUMIF('26년05월'!$F$1:$I$744,CSR!E27,'26년05월'!I:I) -> 0
D28: ㄴ펫신분증 UI 개선 | E28: CSR_11302 | H28: 파트너 | J28: 박성훈C | K28: 백광규C | M28: 25년 12월 | N28: 완료 | P28: =SUM(Q28:AB28) -> 1.5789474 | Q28: =SUMIF('25년11월'!$F$1:$I$792,CSR!E28,'25년11월'!I:I) -> 0.31578947 | R28: =SUMIF('25년12월'!$F$1:$I$764,CSR!E28,'25년12월'!I:I) -> 0.15789474 | S28: =SUMIF('26년01월'!$F$1:$I$741,CSR!E28,'26년01월'!I:I) -> 0.84210526 | T28: =SUMIF('26년02월'!$F$1:$I$734,CSR!E28,'26년02월'!I:I) -> 0.26315789 | U28: =SUMIF('26년03월'!$F$1:$I$738,CSR!E28,'26년03월'!I:I) -> 0 | V28: =SUMIF('26년04월'!$F$1:$I$741,CSR!E28,'26년04월'!I:I) -> 0 | W28: =SUMIF('26년05월'!$F$1:$I$744,CSR!E28,'26년05월'!I:I) -> 0
D29: ㄴ계좌인증 금융기관 선택 화면 현행화 | E29: CSR_11303 | H29: 파트너 | J29: 박성훈C | K29: 백광규C | M29: 26년 03월 | N29: 완료 | P29: =SUM(Q29:AB29) -> 1.0157895 | Q29: =SUMIF('25년11월'!$F$1:$I$792,CSR!E29,'25년11월'!I:I) -> 0 | R29: =SUMIF('25년12월'!$F$1:$I$764,CSR!E29,'25년12월'!I:I) -> 0.57894737 | S29: =SUMIF('26년01월'!$F$1:$I$741,CSR!E29,'26년01월'!I:I) -> 0 | T29: =SUMIF('26년02월'!$F$1:$I$734,CSR!E29,'26년02월'!I:I) -> 0.026315789 | U29: =SUMIF('26년03월'!$F$1:$I$738,CSR!E29,'26년03월'!I:I) -> 0.27894737 | V29: =SUMIF('26년04월'!$F$1:$I$741,CSR!E29,'26년04월'!I:I) -> 0.042105263 | W29: =SUMIF('26년05월'!$F$1:$I$744,CSR!E29,'26년05월'!I:I) -> 0.089473684
D30: ㄴ1:1 문의 카테고리 추가 | E30: CSR_11304 | H30: 파트너 | J30: 박성훈C | K30: 백광규C | M30: 26년 03월 | N30: 완료 | P30: =SUM(Q30:AB30) -> 0.42105263 | Q30: =SUMIF('25년11월'!$F$1:$I$792,CSR!E30,'25년11월'!I:I) -> 0 | R30: =SUMIF('25년12월'!$F$1:$I$764,CSR!E30,'25년12월'!I:I) -> 0.15789474 | S30: =SUMIF('26년01월'!$F$1:$I$741,CSR!E30,'26년01월'!I:I) -> 0.10526316 | T30: =SUMIF('26년02월'!$F$1:$I$734,CSR!E30,'26년02월'!I:I) -> 0.15789474 | U30: =SUMIF('26년03월'!$F$1:$I$738,CSR!E30,'26년03월'!I:I) -> 0 | V30: =SUMIF('26년04월'!$F$1:$I$741,CSR!E30,'26년04월'!I:I) -> 0 | W30: =SUMIF('26년05월'!$F$1:$I$744,CSR!E30,'26년05월'!I:I) -> 0
D31: ㄴ유·무료 서비스 동의화면 개선 | E31: CSR_11305 | H31: 파트너 | J31: 박성훈C | K31: 백광규C | M31: 26년 06월 | N31: 진행중 | P31: =SUM(Q31:AB31) -> 1.3684211 | Q31: =SUMIF('25년11월'!$F$1:$I$792,CSR!E31,'25년11월'!I:I) -> 0 | R31: =SUMIF('25년12월'!$F$1:$I$764,CSR!E31,'25년12월'!I:I) -> 0.42105263 | S31: =SUMIF('26년01월'!$F$1:$I$741,CSR!E31,'26년01월'!I:I) -> 0.52631579 | T31: =SUMIF('26년02월'!$F$1:$I$734,CSR!E31,'26년02월'!I:I) -> 0 | U31: =SUMIF('26년03월'!$F$1:$I$738,CSR!E31,'26년03월'!I:I) -> 0 | V31: =SUMIF('26년04월'!$F$1:$I$741,CSR!E31,'26년04월'!I:I) -> 0.42105263 | W31: =SUMIF('26년05월'!$F$1:$I$744,CSR!E31,'26년05월'!I:I) -> 0
D32: ㄴ하단GNB 개편 | E32: CSR_11306 | H32: 파트너 | J32: 박성훈C | K32: 백광규C | M32: 26년 03월 | N32: 완료 | P32: =SUM(Q32:AB32) -> 0.86842105 | Q32: =SUMIF('25년11월'!$F$1:$I$792,CSR!E32,'25년11월'!I:I) -> 0 | R32: =SUMIF('25년12월'!$F$1:$I$764,CSR!E32,'25년12월'!I:I) -> 0.26315789 | S32: =SUMIF('26년01월'!$F$1:$I$741,CSR!E32,'26년01월'!I:I) -> 0.55263158 | T32: =SUMIF('26년02월'!$F$1:$I$734,CSR!E32,'26년02월'!I:I) -> 0 | U32: =SUMIF('26년03월'!$F$1:$I$738,CSR!E32,'26년03월'!I:I) -> 0.052631579 | V32: =SUMIF('26년04월'!$F$1:$I$741,CSR!E32,'26년04월'!I:I) -> 0 | W32: =SUMIF('26년05월'!$F$1:$I$744,CSR!E32,'26년05월'!I:I) -> 0
D33: ㄴ부가서비스 다회선 전환시 안내 문구 및 마스킹 처리 적용 | E33: CSR_11307 | H33: 파트너 | J33: 이제훈C | K33: 백광규C | M33: 26년 03월 | N33: 완료 | P33: =SUM(Q33:AB33) -> 0.31578947 | Q33: =SUMIF('25년11월'!$F$1:$I$792,CSR!E33,'25년11월'!I:I) -> 0 | R33: =SUMIF('25년12월'!$F$1:$I$764,CSR!E33,'25년12월'!I:I) -> 0 | S33: =SUMIF('26년01월'!$F$1:$I$741,CSR!E33,'26년01월'!I:I) -> 0.31578947 | T33: =SUMIF('26년02월'!$F$1:$I$734,CSR!E33,'26년02월'!I:I) -> 0 | U33: =SUMIF('26년03월'!$F$1:$I$738,CSR!E33,'26년03월'!I:I) -> 0 | V33: =SUMIF('26년04월'!$F$1:$I$741,CSR!E33,'26년04월'!I:I) -> 0 | W33: =SUMIF('26년05월'!$F$1:$I$744,CSR!E33,'26년05월'!I:I) -> 0
D34: ㄴ폴라리스오피스 기본앱 설정 관련 수정 | E34: CSR_11308 | H34: 파트너 | J34: 이제훈C | K34: 백광규C | M34: 26년 06월 | N34: 진행중 | P34: =SUM(Q34:AB34) -> 0 | T34: =SUMIF('26년02월'!$F$1:$I$734,CSR!E34,'26년02월'!I:I) -> 0 | U34: =SUMIF('26년03월'!$F$1:$I$738,CSR!E34,'26년03월'!I:I) -> 0 | V34: =SUMIF('26년04월'!$F$1:$I$741,CSR!E34,'26년04월'!I:I) -> 0 | W34: =SUMIF('26년05월'!$F$1:$I$744,CSR!E34,'26년05월'!I:I) -> 0
D35: ㄴ고객의 소리 링크 변경 | E35: CSR_11309 | H35: 파트너 | J35: 이제훈C | K35: 백광규C | M35: 26년 06월 | N35: 진행중 | P35: =SUM(Q35:AB35) -> 0.47368421 | T35: =SUMIF('26년02월'!$F$1:$I$734,CSR!E35,'26년02월'!I:I) -> 0.26315789 | U35: =SUMIF('26년03월'!$F$1:$I$738,CSR!E35,'26년03월'!I:I) -> 0.21052632 | V35: =SUMIF('26년04월'!$F$1:$I$741,CSR!E35,'26년04월'!I:I) -> 0 | W35: =SUMIF('26년05월'!$F$1:$I$744,CSR!E35,'26년05월'!I:I) -> 0
D36: ㄴMIS 실행 시 선택 업데이트 기능 추가 | E36: CSR_11310 | H36: 파트너 | J36: 박병주C | K36: 백광규C | M36: 26년 06월 | N36: 진행중 | P36: =SUM(Q36:AB36) -> 0.36842105 | U36: =SUMIF('26년03월'!$F$1:$I$738,CSR!E36,'26년03월'!I:I) -> 0.36842105 | V36: =SUMIF('26년04월'!$F$1:$I$741,CSR!E36,'26년04월'!I:I) -> 0 | W36: =SUMIF('26년05월'!$F$1:$I$744,CSR!E36,'26년05월'!I:I) -> 0
D37: ㄴ애드몹 광고형식 추가 | E37: CSR_11311 | H37: 파트너 | J37: 박성훈C | K37: 백광규C | M37: 26년 06월 | N37: 진행중 | P37: =SUM(Q37:AB37) -> 0.010526316 | U37: =SUMIF('26년03월'!$F$1:$I$738,CSR!E37,'26년03월'!I:I) -> 0.010526316 | V37: =SUMIF('26년04월'!$F$1:$I$741,CSR!E37,'26년04월'!I:I) -> 0 | W37: =SUMIF('26년05월'!$F$1:$I$744,CSR!E37,'26년05월'!I:I) -> 0
D38: ㄴ PASS 전자고지 열람 시 IMEI 조회 실패 오류 안내 개선 | E38: CSR_11312 | H38: 파트너 | J38: 박성훈C | K38: 백광규C | M38: 26년 04월 | N38: 완료 | P38: =SUM(Q38:AB38) -> 0.57894737 | U38: =SUMIF('26년03월'!$F$1:$I$738,CSR!E38,'26년03월'!I:I) -> 0.57894737 | V38: =SUMIF('26년04월'!$F$1:$I$741,CSR!E38,'26년04월'!I:I) -> 0 | W38: =SUMIF('26년05월'!$F$1:$I$744,CSR!E38,'26년05월'!I:I) -> 0
D39: ㄴIOS : PASS 앱 icloud (클라우드 복원시 재가입 프로세스 유도) | E39: CSR_11313 | H39: 파트너 | J39: 박성훈C | K39: 백광규C | M39: 26년 04월 | N39: 완료 | P39: =SUM(Q39:AB39) -> 0.15789474 | U39: =SUMIF('26년03월'!$F$1:$I$738,CSR!E39,'26년03월'!I:I) -> 0.15789474 | V39: =SUMIF('26년04월'!$F$1:$I$741,CSR!E39,'26년04월'!I:I) -> 0 | W39: =SUMIF('26년05월'!$F$1:$I$744,CSR!E39,'26년05월'!I:I) -> 0
D40: ㄴ외부플랫폼 진입 시 브릿지 페이지 | E40: CSR_11314 | H40: 파트너 | J40: 박성훈C | K40: 백광규C | M40: 26년 06월 | N40: 진행중 | P40: =SUM(Q40:AB40) -> 1.2105263 | V40: =SUMIF('26년04월'!$F$1:$I$741,CSR!E40,'26년04월'!I:I) -> 0.57894737 | W40: =SUMIF('26년05월'!$F$1:$I$744,CSR!E40,'26년05월'!I:I) -> 0.63157895
D41: ㄴ업데이트 후 서비스 진입 개선 | E41: CSR_11315 | H41: 파트너 | J41: 박성훈C | K41: 백광규C | M41: 26년 06월 | N41: 진행중 | P41: =SUM(Q41:AB41) -> 0.52631579 | V41: =SUMIF('26년04월'!$F$1:$I$741,CSR!E41,'26년04월'!I:I) -> 0.52631579 | W41: =SUMIF('26년05월'!$F$1:$I$744,CSR!E41,'26년05월'!I:I) -> 0
D42: ㄴ유료가입 페이지 바텀시트 처리 | E42: CSR_11316 | H42: 파트너 | J42: 박병주C | K42: 백광규C | M42: 26년 08월 | N42: 진행중 | P42: =SUM(Q42:AB42) -> 0.26315789 | W42: =SUMIF('26년05월'!$F$1:$I$744,CSR!E42,'26년05월'!I:I) -> 0.26315789
D43: ㄴPASS 내 스와이프로 뒤로가기 | E43: CSR_11317 | H43: 파트너 | J43: 박병주C | K43: 백광규C | M43: 26년 08월 | N43: 진행중 | P43: =SUM(Q43:AB43) -> 0.15789474 | W43: =SUMIF('26년05월'!$F$1:$I$744,CSR!E43,'26년05월'!I:I) -> 0.15789474
D44: ㄴ외국인 해외 송금 | E44: CSR_11317 | H44: 파트너 | J44: 박성훈C | K44: 백광규C | M44: 26년 10월 | N44: 진행중 | P44: =SUM(Q44:AB44) -> 0
D45: ㄴ인증서 FDS 기능 추가 : 인증서 인정평가 보완조치 | E45: CSR_11318 | H45: 파트너 | J45: 박성훈C | K45: 배민화C | M45: 26년 08월 | N45: 진행중 | P45: =SUM(Q45:AB45) -> 0
D46: ㄴnCAS → ngCAS 이관 개발 (부가서비스, 모바일신분증, 통합인증서버) | E46: CSR_11319
D47: 서비스 품질개선 | E47: CSR_11400 | H47: 파트너 | K47: 백광규C | L47: 사업계획 | O47: 60 | P47: =SUM(Q47:AB47) -> 2.5789474 | Q47: =SUMIF('25년11월'!$F$1:$I$792,CSR!E47,'25년11월'!I:I) -> 0 | R47: =SUMIF('25년12월'!$F$1:$I$764,CSR!E47,'25년12월'!I:I) -> 0 | S47: =SUMIF('26년01월'!$F$1:$I$741,CSR!E47,'26년01월'!I:I) -> 1.8421053 | T47: =SUMIF('26년02월'!$F$1:$I$734,CSR!E47,'26년02월'!I:I) -> 0 | U47: =SUMIF('26년03월'!$F$1:$I$738,CSR!E47,'26년03월'!I:I) -> 0 | V47: =SUMIF('26년04월'!$F$1:$I$741,CSR!E47,'26년04월'!I:I) -> 0.73684211 | W47: =SUMIF('26년05월'!$F$1:$I$744,CSR!E47,'26년05월'!I:I) -> 0
D48: ㄴ25년 11월 2차 서버 검수 | E48: CSR_11401 | H48: 파트너 | K48: 백광규C | M48: 25년 11월 | N48: 완료 | P48: =SUM(Q48:AB48) -> 4.6315789 | Q48: =SUMIF('25년11월'!$F$1:$I$792,CSR!E48,'25년11월'!I:I) -> 4.6315789 | R48: =SUMIF('25년12월'!$F$1:$I$764,CSR!E48,'25년12월'!I:I) -> 0 | S48: =SUMIF('26년01월'!$F$1:$I$741,CSR!E48,'26년01월'!I:I) -> 0 | T48: =SUMIF('26년02월'!$F$1:$I$734,CSR!E48,'26년02월'!I:I) -> 0 | U48: =SUMIF('26년03월'!$F$1:$I$738,CSR!E48,'26년03월'!I:I) -> 0 | V48: =SUMIF('26년04월'!$F$1:$I$741,CSR!E48,'26년04월'!I:I) -> 0 | W48: =SUMIF('26년05월'!$F$1:$I$744,CSR!E48,'26년05월'!I:I) -> 0
D49: ㄴ25년 11월 앱 배포 검수 | E49: CSR_11402 | H49: 파트너 | K49: 백광규C | M49: 25년 12월 | N49: 완료 | P49: =SUM(Q49:AB49) -> 9.4257895 | Q49: =SUMIF('25년11월'!$F$1:$I$792,CSR!E49,'25년11월'!I:I) -> 6.8994737 | R49: =SUMIF('25년12월'!$F$1:$I$764,CSR!E49,'25년12월'!I:I) -> 2.5263158 | S49: =SUMIF('26년01월'!$F$1:$I$741,CSR!E49,'26년01월'!I:I) -> 0 | T49: =SUMIF('26년02월'!$F$1:$I$734,CSR!E49,'26년02월'!I:I) -> 0 | U49: =SUMIF('26년03월'!$F$1:$I$738,CSR!E49,'26년03월'!I:I) -> 0 | V49: =SUMIF('26년04월'!$F$1:$I$741,CSR!E49,'26년04월'!I:I) -> 0 | W49: =SUMIF('26년05월'!$F$1:$I$744,CSR!E49,'26년05월'!I:I) -> 0
D50: ㄴ25년 12월 서버 긴급 검수 | E50: CSR_11403 | H50: 파트너 | K50: 백광규C | M50: 25년 12월 | N50: 완료 | P50: =SUM(Q50:AB50) -> 0.78947368 | Q50: =SUMIF('25년11월'!$F$1:$I$792,CSR!E50,'25년11월'!I:I) -> 0 | R50: =SUMIF('25년12월'!$F$1:$I$764,CSR!E50,'25년12월'!I:I) -> 0.78947368 | S50: =SUMIF('26년01월'!$F$1:$I$741,CSR!E50,'26년01월'!I:I) -> 0 | T50: =SUMIF('26년02월'!$F$1:$I$734,CSR!E50,'26년02월'!I:I) -> 0 | U50: =SUMIF('26년03월'!$F$1:$I$738,CSR!E50,'26년03월'!I:I) -> 0 | V50: =SUMIF('26년04월'!$F$1:$I$741,CSR!E50,'26년04월'!I:I) -> 0 | W50: =SUMIF('26년05월'!$F$1:$I$744,CSR!E50,'26년05월'!I:I) -> 0
D51: ㄴ25년 12월 앱 긴급 배포 검수 | E51: CSR_11404 | H51: 파트너 | K51: 백광규C | M51: 25년 12월 | N51: 완료 | P51: =SUM(Q51:AB51) -> 2.7894737 | Q51: =SUMIF('25년11월'!$F$1:$I$792,CSR!E51,'25년11월'!I:I) -> 0 | R51: =SUMIF('25년12월'!$F$1:$I$764,CSR!E51,'25년12월'!I:I) -> 2.7894737 | S51: =SUMIF('26년01월'!$F$1:$I$741,CSR!E51,'26년01월'!I:I) -> 0 | T51: =SUMIF('26년02월'!$F$1:$I$734,CSR!E51,'26년02월'!I:I) -> 0 | U51: =SUMIF('26년03월'!$F$1:$I$738,CSR!E51,'26년03월'!I:I) -> 0 | V51: =SUMIF('26년04월'!$F$1:$I$741,CSR!E51,'26년04월'!I:I) -> 0 | W51: =SUMIF('26년05월'!$F$1:$I$744,CSR!E51,'26년05월'!I:I) -> 0
D52: ㄴ26년 01월 2차 서버 검수 | E52: CSR_11405 | H52: 파트너 | K52: 백광규C | M52: 26년 02월 | N52: 완료 | P52: =SUM(Q52:AB52) -> 4.3421053 | Q52: =SUMIF('25년11월'!$F$1:$I$792,CSR!E52,'25년11월'!I:I) -> 0 | R52: =SUMIF('25년12월'!$F$1:$I$764,CSR!E52,'25년12월'!I:I) -> 1.4210526 | S52: =SUMIF('26년01월'!$F$1:$I$741,CSR!E52,'26년01월'!I:I) -> 1.7105263 | T52: =SUMIF('26년02월'!$F$1:$I$734,CSR!E52,'26년02월'!I:I) -> 1.2105263 | U52: =SUMIF('26년03월'!$F$1:$I$738,CSR!E52,'26년03월'!I:I) -> 0 | V52: =SUMIF('26년04월'!$F$1:$I$741,CSR!E52,'26년04월'!I:I) -> 0 | W52: =SUMIF('26년05월'!$F$1:$I$744,CSR!E52,'26년05월'!I:I) -> 0
D53: ㄴ26년 01월 앱 긴급 배포 검수 | E53: CSR_11406 | H53: 파트너 | K53: 백광규C | M53: 26년 01월 | N53: 완료 | P53: =SUM(Q53:AB53) -> 0.10526316 | Q53: =SUMIF('25년11월'!$F$1:$I$792,CSR!E53,'25년11월'!I:I) -> 0 | R53: =SUMIF('25년12월'!$F$1:$I$764,CSR!E53,'25년12월'!I:I) -> 0 | S53: =SUMIF('26년01월'!$F$1:$I$741,CSR!E53,'26년01월'!I:I) -> 0.10526316 | T53: =SUMIF('26년02월'!$F$1:$I$734,CSR!E53,'26년02월'!I:I) -> 0 | U53: =SUMIF('26년03월'!$F$1:$I$738,CSR!E53,'26년03월'!I:I) -> 0 | V53: =SUMIF('26년04월'!$F$1:$I$741,CSR!E53,'26년04월'!I:I) -> 0 | W53: =SUMIF('26년05월'!$F$1:$I$744,CSR!E53,'26년05월'!I:I) -> 0
D54: ㄴ26년 2월 서버 긴급 검수 | E54: CSR_11407 | H54: 파트너 | K54: 백광규C | M54: 26년 02월 | N54: 완료 | P54: =SUM(Q54:AB54) -> 0.21052632 | Q54: =SUMIF('25년11월'!$F$1:$I$792,CSR!E54,'25년11월'!I:I) -> 0 | R54: =SUMIF('25년12월'!$F$1:$I$764,CSR!E54,'25년12월'!I:I) -> 0 | S54: =SUMIF('26년01월'!$F$1:$I$741,CSR!E54,'26년01월'!I:I) -> 0 | T54: =SUMIF('26년02월'!$F$1:$I$734,CSR!E54,'26년02월'!I:I) -> 0.21052632 | U54: =SUMIF('26년03월'!$F$1:$I$738,CSR!E54,'26년03월'!I:I) -> 0 | V54: =SUMIF('26년04월'!$F$1:$I$741,CSR!E54,'26년04월'!I:I) -> 0 | W54: =SUMIF('26년05월'!$F$1:$I$744,CSR!E54,'26년05월'!I:I) -> 0
D55: ㄴ26년 2월 앱 긴급 배포 검수 | E55: CSR_11408 | H55: 파트너 | K55: 백광규C | M55: 26년 02월 | N55: 완료 | P55: =SUM(Q55:AB55) -> 2.3684211 | Q55: =SUMIF('25년11월'!$F$1:$I$792,CSR!E55,'25년11월'!I:I) -> 0 | R55: =SUMIF('25년12월'!$F$1:$I$764,CSR!E55,'25년12월'!I:I) -> 0 | S55: =SUMIF('26년01월'!$F$1:$I$741,CSR!E55,'26년01월'!I:I) -> 0 | T55: =SUMIF('26년02월'!$F$1:$I$734,CSR!E55,'26년02월'!I:I) -> 2.3684211 | U55: =SUMIF('26년03월'!$F$1:$I$738,CSR!E55,'26년03월'!I:I) -> 0 | V55: =SUMIF('26년04월'!$F$1:$I$741,CSR!E55,'26년04월'!I:I) -> 0 | W55: =SUMIF('26년05월'!$F$1:$I$744,CSR!E55,'26년05월'!I:I) -> 0
D56: ㄴ26년 3월 앱 배포 검수 | E56: CSR_11409 | H56: 파트너 | K56: 백광규C | M56: 26년 03월 | N56: 완료 | P56: =SUM(Q56:AB56) -> 16 | Q56: =SUMIF('25년11월'!$F$1:$I$792,CSR!E56,'25년11월'!I:I) -> 0 | R56: =SUMIF('25년12월'!$F$1:$I$764,CSR!E56,'25년12월'!I:I) -> 0 | S56: =SUMIF('26년01월'!$F$1:$I$741,CSR!E56,'26년01월'!I:I) -> 0 | T56: =SUMIF('26년02월'!$F$1:$I$734,CSR!E56,'26년02월'!I:I) -> 8.2105263 | U56: =SUMIF('26년03월'!$F$1:$I$738,CSR!E56,'26년03월'!I:I) -> 7.7894737 | V56: =SUMIF('26년04월'!$F$1:$I$741,CSR!E56,'26년04월'!I:I) -> 0 | W56: =SUMIF('26년05월'!$F$1:$I$744,CSR!E56,'26년05월'!I:I) -> 0
D57: ㄴ26년 3월 1차 서버 검수 | E57: CSR_11410 | H57: 파트너 | K57: 백광규C | M57: 26년 03월 | N57: 완료 | P57: =SUM(Q57:AB57) -> 2.8421053 | Q57: =SUMIF('25년11월'!$F$1:$I$792,CSR!E57,'25년11월'!I:I) -> 0 | R57: =SUMIF('25년12월'!$F$1:$I$764,CSR!E57,'25년12월'!I:I) -> 0 | S57: =SUMIF('26년01월'!$F$1:$I$741,CSR!E57,'26년01월'!I:I) -> 0 | T57: =SUMIF('26년02월'!$F$1:$I$734,CSR!E57,'26년02월'!I:I) -> 0.57894737 | U57: =SUMIF('26년03월'!$F$1:$I$738,CSR!E57,'26년03월'!I:I) -> 2.2631579 | V57: =SUMIF('26년04월'!$F$1:$I$741,CSR!E57,'26년04월'!I:I) -> 0 | W57: =SUMIF('26년05월'!$F$1:$I$744,CSR!E57,'26년05월'!I:I) -> 0
D58: ㄴ26년 3월 2차 서버 검수 | E58: CSR_11411 | H58: 파트너 | K58: 백광규C | M58: 26년 03월 | N58: 완료 | P58: =SUM(Q58:AB58) -> 0.78947368 | Q58: =SUMIF('25년11월'!$F$1:$I$792,CSR!E58,'25년11월'!I:I) -> 0 | R58: =SUMIF('25년12월'!$F$1:$I$764,CSR!E58,'25년12월'!I:I) -> 0 | S58: =SUMIF('26년01월'!$F$1:$I$741,CSR!E58,'26년01월'!I:I) -> 0 | T58: =SUMIF('26년02월'!$F$1:$I$734,CSR!E58,'26년02월'!I:I) -> 0 | U58: =SUMIF('26년03월'!$F$1:$I$738,CSR!E58,'26년03월'!I:I) -> 0.78947368 | V58: =SUMIF('26년04월'!$F$1:$I$741,CSR!E58,'26년04월'!I:I) -> 0 | W58: =SUMIF('26년05월'!$F$1:$I$744,CSR!E58,'26년05월'!I:I) -> 0
D59: ㄴ26년 4월 앱 배포 검수 | E59: CSR_11412 | H59: 파트너 | K59: 백광규C | M59: 26년 04월 | N59: 완료 | P59: =SUM(Q59:AB59) -> 1.5789474 | Q59: =SUMIF('25년11월'!$F$1:$I$792,CSR!E59,'25년11월'!I:I) -> 0 | R59: =SUMIF('25년12월'!$F$1:$I$764,CSR!E59,'25년12월'!I:I) -> 0 | S59: =SUMIF('26년01월'!$F$1:$I$741,CSR!E59,'26년01월'!I:I) -> 0 | T59: =SUMIF('26년02월'!$F$1:$I$734,CSR!E59,'26년02월'!I:I) -> 0 | U59: =SUMIF('26년03월'!$F$1:$I$738,CSR!E59,'26년03월'!I:I) -> 0 | V59: =SUMIF('26년04월'!$F$1:$I$741,CSR!E59,'26년04월'!I:I) -> 1.5789474 | W59: =SUMIF('26년05월'!$F$1:$I$744,CSR!E59,'26년05월'!I:I) -> 0
... D64: ㄴ26년 6월 2차 서버 검수 | E64: CSR_11417 | H64: 파트너 | K64: 백광규C | M64: 26년 06월 | N64: 진행중 | P64: =SUM(Q64:AB64) -> 0 | Q64: =SUMIF('25년11월'!$F$1:$I$792,CSR!E64,'25년11월'!I:I) -> 0 | R64: =SUMIF('25년12월'!$F$1:$I$764,CSR!E64,'25년12월'!I:I) -> 0 | S64: =SUMIF('26년01월'!$F$1:$I$741,CSR!E64,'26년01월'!I:I) -> 0 | T64: =SUMIF('26년02월'!$F$1:$I$734,CSR!E64,'26년02월'!I:I) -> 0 | U64: =SUMIF('26년03월'!$F$1:$I$738,CSR!E64,'26년03월'!I:I) -> 0 | V64: =SUMIF('26년04월'!$F$1:$I$741,CSR!E64,'26년04월'!I:I) -> 0 | W64: =SUMIF('26년05월'!$F$1:$I$744,CSR!E64,'26년05월'!I:I) -> 0
D65: PASS UI/UX 개선 | E65: CSR_11500 | H65: 파트너 | J65: 박성훈C | N65: 진행중 | P65: =SUM(Q65:AB65) -> 0.15789474 | V65: =SUMIF('26년04월'!$F$1:$I$741,CSR!E65,'26년04월'!I:I) -> 0.052631579 | W65: =SUMIF('26년05월'!$F$1:$I$744,CSR!E65,'26년05월'!I:I) -> 0.10526316
D66: OS 보안 대응 | E66: CSR_11501 | H66: 파트너 | J66: 박성훈C | N66: 진행중 | P66: =SUM(Q66:AB66) -> 0 | V66: =SUMIF('26년04월'!$F$1:$I$741,CSR!E66,'26년04월'!I:I) -> 0 | W66: =SUMIF('26년05월'!$F$1:$I$744,CSR!E66,'26년05월'!I:I) -> 0
C67: 소계 | O67: =SUM(O11:O54) -> 145 | P67: =SUM(P11:P66) -> 109.88368 | Q67: =SUM(Q11:Q54) -> 14.452105 | R67: =SUM(R11:R54) -> 15.552632 | S67: =SUM(S11:S60) -> 13.447368 | T67: =SUM(T11:T60) -> 17.631579 | U67: =SUM(U11:U60) -> 17.631579 | V67: =SUM(V11:V66) -> 17.094737 | W67: =SUM(W11:W66) -> 14.073684 | X67: =SUM(X11:X54) -> 0 | Y67: =SUM(Y11:Y54) -> 0 | Z67: =SUM(Z11:Z54) -> 0 | AA67: =SUM(AA11:AA54) -> 0 | AB67: =SUM(AB11:AB54) -> 0
B68: 마케팅 | C68: PASS활성화 이벤트 | D68: (상시) PASS앱 이벤트 실행·효과분석 | E68: CSR_20000 | H68: 파트너 | J68: 이제훈C | K68: 백광규C | L68: 사업계획 | O68: 5 | P68: =SUM(Q68:AB68) -> 1.7631579 | Q68: =SUMIF('25년11월'!$F$1:$I$792,CSR!E68,'25년11월'!I:I) -> 0.21052632 | R68: =SUMIF('25년12월'!$F$1:$I$764,CSR!E68,'25년12월'!I:I) -> 0.18421053 | S68: =SUMIF('26년01월'!$F$1:$I$741,CSR!E68,'26년01월'!I:I) -> 0.28947368 | T68: =SUMIF('26년02월'!$F$1:$I$734,CSR!E68,'26년02월'!I:I) -> 0.23684211 | U68: =SUMIF('26년03월'!$F$1:$I$738,CSR!E68,'26년03월'!I:I) -> 0.42105263 | V68: =SUMIF('26년04월'!$F$1:$I$741,CSR!E68,'26년04월'!I:I) -> 0.15789474 | W68: =SUMIF('26년05월'!$F$1:$I$744,CSR!E68,'26년05월'!I:I) -> 0.26315789
D69: ㄴ앱 리뷰 이벤트 2차 | E69: CSR_20001 | H69: 파트너 | J69: 이제훈C | K69: 백광규C | L69: 사업계획 | M69: 25년 10월 | N69: 완료 | P69: =SUM(Q69:AB69) -> 0.5 | Q69: =SUMIF('25년11월'!$F$1:$I$792,CSR!E69,'25년11월'!I:I) -> 0.5 | R69: =SUMIF('25년12월'!$F$1:$I$764,CSR!E69,'25년12월'!I:I) -> 0 | S69: =SUMIF('26년01월'!$F$1:$I$741,CSR!E69,'26년01월'!I:I) -> 0 | T69: =SUMIF('26년02월'!$F$1:$I$734,CSR!E69,'26년02월'!I:I) -> 0 | U69: =SUMIF('26년03월'!$F$1:$I$738,CSR!E69,'26년03월'!I:I) -> 0 | V69: =SUMIF('26년04월'!$F$1:$I$741,CSR!E69,'26년04월'!I:I) -> 0 | W69: =SUMIF('26년05월'!$F$1:$I$744,CSR!E69,'26년05월'!I:I) -> 0
D70: ㄴPASS 출첵 스탬프 이벤트 | E70: CSR_20002 | H70: 파트너 | J70: 이제훈C | K70: 백광규C | L70: 사업계획 | M70: 25년 12월 | N70: 완료 | P70: =SUM(Q70:AB70) -> 1.6315789 | Q70: =SUMIF('25년11월'!$F$1:$I$792,CSR!E70,'25년11월'!I:I) -> 0.42105263 | R70: =SUMIF('25년12월'!$F$1:$I$764,CSR!E70,'25년12월'!I:I) -> 0.86842105 | S70: =SUMIF('26년01월'!$F$1:$I$741,CSR!E70,'26년01월'!I:I) -> 0.34210526 | T70: =SUMIF('26년02월'!$F$1:$I$734,CSR!E70,'26년02월'!I:I) -> 0 | U70: =SUMIF('26년03월'!$F$1:$I$738,CSR!E70,'26년03월'!I:I) -> 0 | V70: =SUMIF('26년04월'!$F$1:$I$741,CSR!E70,'26년04월'!I:I) -> 0 | W70: =SUMIF('26년05월'!$F$1:$I$744,CSR!E70,'26년05월'!I:I) -> 0
D71: ㄴGS25 신분증결제 오픈 이벤트 1차 | E71: CSR_20003 | H71: 파트너 | J71: 이제훈C | K71: 백광규C | L71: 사업계획 | M71: 25년 12월 | N71: 완료 | P71: =SUM(Q71:AB71) -> 1.5263158 | Q71: =SUMIF('25년11월'!$F$1:$I$792,CSR!E71,'25년11월'!I:I) -> 0.44736842 | R71: =SUMIF('25년12월'!$F$1:$I$764,CSR!E71,'25년12월'!I:I) -> 0.34210526 | S71: =SUMIF('26년01월'!$F$1:$I$741,CSR!E71,'26년01월'!I:I) -> 0.5 | T71: =SUMIF('26년02월'!$F$1:$I$734,CSR!E71,'26년02월'!I:I) -> 0.23684211 | U71: =SUMIF('26년03월'!$F$1:$I$738,CSR!E71,'26년03월'!I:I) -> 0 | V71: =SUMIF('26년04월'!$F$1:$I$741,CSR!E71,'26년04월'!I:I) -> 0 | W71: =SUMIF('26년05월'!$F$1:$I$744,CSR!E71,'26년05월'!I:I) -> 0
D72: ㄴGS25 신분증결제 오픈 이벤트 2차 | E72: CSR_20004 | H72: 파트너 | J72: 이제훈C | K72: 백광규C | P72: =SUM(Q72:AB72) -> 0.55263158 | Q72: =SUMIF('25년11월'!$F$1:$I$792,CSR!E72,'25년11월'!I:I) -> 0 | R72: =SUMIF('25년12월'!$F$1:$I$764,CSR!E72,'25년12월'!I:I) -> 0.55263158 | S72: =SUMIF('26년01월'!$F$1:$I$741,CSR!E72,'26년01월'!I:I) -> 0 | T72: =SUMIF('26년02월'!$F$1:$I$734,CSR!E72,'26년02월'!I:I) -> 0 | U72: =SUMIF('26년03월'!$F$1:$I$738,CSR!E72,'26년03월'!I:I) -> 0 | V72: =SUMIF('26년04월'!$F$1:$I$741,CSR!E72,'26년04월'!I:I) -> 0 | W72: =SUMIF('26년05월'!$F$1:$I$744,CSR!E72,'26년05월'!I:I) -> 0
D73: ㄴPASS 전자고지 활성화 이벤트 | E73: CSR_20005 | H73: 파트너 | J73: 이제훈C | K73: 백광규C | M73: 26년 01월 | N73: 완료 | P73: =SUM(Q73:AB73) -> 1.5789474 | Q73: =SUMIF('25년11월'!$F$1:$I$792,CSR!E73,'25년11월'!I:I) -> 0 | R73: =SUMIF('25년12월'!$F$1:$I$764,CSR!E73,'25년12월'!I:I) -> 0 | S73: =SUMIF('26년01월'!$F$1:$I$741,CSR!E73,'26년01월'!I:I) -> 0.76315789 | T73: =SUMIF('26년02월'!$F$1:$I$734,CSR!E73,'26년02월'!I:I) -> 0.052631579 | U73: =SUMIF('26년03월'!$F$1:$I$738,CSR!E73,'26년03월'!I:I) -> 0.5 | V73: =SUMIF('26년04월'!$F$1:$I$741,CSR!E73,'26년04월'!I:I) -> 0.26315789 | W73: =SUMIF('26년05월'!$F$1:$I$744,CSR!E73,'26년05월'!I:I) -> 0
D74: ㄴ주소록 오픈 이벤트 (with 오피스도우미) | E74: CSR_20006 | H74: 파트너 | J74: 박성훈C | K74: 백광규C | M74: 26년 04월 | N74: 진행중 | P74: =SUM(Q74:AB74) -> 0.15789474 | U74: =SUMIF('26년03월'!$F$1:$I$738,CSR!E74,'26년03월'!I:I) -> 0.078947368 | V74: =SUMIF('26년04월'!$F$1:$I$741,CSR!E74,'26년04월'!I:I) -> 0 | W74: =SUMIF('26년05월'!$F$1:$I$744,CSR!E74,'26년05월'!I:I) -> 0.078947368
D75: ㄴ주소록X더치트프리미엄 연계 이벤트 | E75: CSR_20007 | H75: 파트너 | J75: 박성훈C | K75: 백광규C | M75: 26년 05월 | N75: 진행중 | P75: =SUM(Q75:AB75) -> 0.65789474 | V75: =SUMIF('26년04월'!$F$1:$I$741,CSR!E75,'26년04월'!I:I) -> 0.28947368 | W75: =SUMIF('26년05월'!$F$1:$I$744,CSR!E75,'26년05월'!I:I) -> 0.36842105
D76: ㄴ26년 전국동시지방선거 홍보 | E76: CSR_20008 | H76: 파트너 | J76: 박병주C | K76: 백광규C | M76: 26년 05월 | N76: 완료 | P76: =SUM(Q76:AB76) -> 0.36842105 | W76: =SUMIF('26년05월'!$F$1:$I$744,CSR!E76,'26년05월'!I:I) -> 0.36842105
D77: (기타) 부가서비스 이벤트 지원 | E77: CSR_20100 | H77: 파트너 | J77: 이제훈C | K77: 백광규C | L77: 사업계획 | O77: 3 | P77: =SUM(Q77:AB77) -> 1.0631579 | Q77: =SUMIF('25년11월'!$F$1:$I$792,CSR!E77,'25년11월'!I:I) -> 0.26315789 | R77: =SUMIF('25년12월'!$F$1:$I$764,CSR!E77,'25년12월'!I:I) -> 0 | S77: =SUMIF('26년01월'!$F$1:$I$741,CSR!E77,'26년01월'!I:I) -> 0.15789474 | T77: =SUMIF('26년02월'!$F$1:$I$734,CSR!E77,'26년02월'!I:I) -> 0.078947368 | U77: =SUMIF('26년03월'!$F$1:$I$738,CSR!E77,'26년03월'!I:I) -> 0.39473684 | V77: =SUMIF('26년04월'!$F$1:$I$741,CSR!E77,'26년04월'!I:I) -> 0.089473684 | W77: =SUMIF('26년05월'!$F$1:$I$744,CSR!E77,'26년05월'!I:I) -> 0.078947368
C78: 마케팅 관련 고도화 및 지원 | D78: PASS머니 고도화 및 운영 지원 | E78: CSR_20200 | H78: 파트너 | J78: 이제훈C | K78: 백광규C | L78: 사업계획 | O78: 7 | P78: =SUM(Q78:AB78) -> 1.3947368 | Q78: =SUMIF('25년11월'!$F$1:$I$792,CSR!E78,'25년11월'!I:I) -> 0 | R78: =SUMIF('25년12월'!$F$1:$I$764,CSR!E78,'25년12월'!I:I) -> 0.13157895 | S78: =SUMIF('26년01월'!$F$1:$I$741,CSR!E78,'26년01월'!I:I) -> 0.94736842 | T78: =SUMIF('26년02월'!$F$1:$I$734,CSR!E78,'26년02월'!I:I) -> 0.13157895 | U78: =SUMIF('26년03월'!$F$1:$I$738,CSR!E78,'26년03월'!I:I) -> 0.078947368 | V78: =SUMIF('26년04월'!$F$1:$I$741,CSR!E78,'26년04월'!I:I) -> 0.052631579 | W78: =SUMIF('26년05월'!$F$1:$I$744,CSR!E78,'26년05월'!I:I) -> 0.052631579
D79: PUSH시스템 고도화 및 운영 지원 | E79: CSR_20300 | H79: 파트너 | J79: 이제훈C | K79: 백광규C | L79: 사업계획 | O79: 5 | P79: =SUM(Q79:AB79) -> 1.0263158 | Q79: =SUMIF('25년11월'!$F$1:$I$792,CSR!E79,'25년11월'!I:I) -> 0.13157895 | R79: =SUMIF('25년12월'!$F$1:$I$764,CSR!E79,'25년12월'!I:I) -> 0.13157895 | S79: =SUMIF('26년01월'!$F$1:$I$741,CSR!E79,'26년01월'!I:I) -> 0.23684211 | T79: =SUMIF('26년02월'!$F$1:$I$734,CSR!E79,'26년02월'!I:I) -> 0.15789474 | U79: =SUMIF('26년03월'!$F$1:$I$738,CSR!E79,'26년03월'!I:I) -> 0.10526316 | V79: =SUMIF('26년04월'!$F$1:$I$741,CSR!E79,'26년04월'!I:I) -> 0.078947368 | W79: =SUMIF('26년05월'!$F$1:$I$744,CSR!E79,'26년05월'!I:I) -> 0.18421053
D80: GA4 컨텐츠 그룹핑 반영 및 운영 지원 | E80: CSR_20400 | H80: 파트너 | J80: 이제훈C | K80: 백광규C | L80: 사업계획 | O80: 5 | P80: =SUM(Q80:AB80) -> 1.8947368 | Q80: =SUMIF('25년11월'!$F$1:$I$792,CSR!E80,'25년11월'!I:I) -> 0.21052632 | R80: =SUMIF('25년12월'!$F$1:$I$764,CSR!E80,'25년12월'!I:I) -> 0 | S80: =SUMIF('26년01월'!$F$1:$I$741,CSR!E80,'26년01월'!I:I) -> 0.26315789 | T80: =SUMIF('26년02월'!$F$1:$I$734,CSR!E80,'26년02월'!I:I) -> 0.36842105 | U80: =SUMIF('26년03월'!$F$1:$I$738,CSR!E80,'26년03월'!I:I) -> 0.42105263 | V80: =SUMIF('26년04월'!$F$1:$I$741,CSR!E80,'26년04월'!I:I) -> 0.052631579 | W80: =SUMIF('26년05월'!$F$1:$I$744,CSR!E80,'26년05월'!I:I) -> 0.57894737
C81: 소계 | O81: =SUM(O68:O80) -> 25 | P81: =SUM(P68:P80) -> 14.115789 | Q81: =SUM(Q68:Q80) -> 2.1842105 | R81: =SUM(R68:R80) -> 2.2105263 | S81: =SUM(S68:S80) -> 3.5 | T81: =SUM(T68:T80) -> 1.2631579 | U81: =SUM(U68:U80) -> 2 | V81: =SUM(V68:V80) -> 0.98421053 | ... AB81: =SUM(AB68:AB80) -> 0
B82: 서비스 품질관리 | C82: 서비스 운영 | D82: CP 파트너십 관리 (PASS 앱 기획, 디자인, 개발 가이드) | E82: CSR_30000 | H82: 파트너 | K82: 백광규C | L82: 사업계획 | O82: 3 | P82: =SUM(Q82:AB82) -> 3.7526316 | Q82: =SUMIF('25년11월'!$F$1:$I$792,CSR!E82,'25년11월'!I:I) -> 1 | R82: =SUMIF('25년12월'!$F$1:$I$764,CSR!E82,'25년12월'!I:I) -> 0.36842105 | S82: =SUMIF('26년01월'!$F$1:$I$741,CSR!E82,'26년01월'!I:I) -> 0.31578947 | T82: =SUMIF('26년02월'!$F$1:$I$734,CSR!E82,'26년02월'!I:I) -> 0.65789474 | U82: =SUMIF('26년03월'!$F$1:$I$738,CSR!E82,'26년03월'!I:I) -> 0.33157895 | V82: =SUMIF('26년04월'!$F$1:$I$741,CSR!E82,'26년04월'!I:I) -> 0.63157895 | W82: =SUMIF('26년05월'!$F$1:$I$744,CSR!E82,'26년05월'!I:I) -> 0.44736842
D83: 금융광고 관리 (PASS 앱 기획, 디자인, 개발 가이드) | E83: CSR_30100 | H83: 파트너 | K83: 백광규C | L83: 사업계획 | O83: 3 | P83: =SUM(Q83:AB83) -> 0.85789474 | Q83: =SUMIF('25년11월'!$F$1:$I$792,CSR!E83,'25년11월'!I:I) -> 0.068421053 | R83: =SUMIF('25년12월'!$F$1:$I$764,CSR!E83,'25년12월'!I:I) -> 0.078947368 | S83: =SUMIF('26년01월'!$F$1:$I$741,CSR!E83,'26년01월'!I:I) -> 0.28947368 | T83: =SUMIF('26년02월'!$F$1:$I$734,CSR!E83,'26년02월'!I:I) -> 0.18421053 | U83: =SUMIF('26년03월'!$F$1:$I$738,CSR!E83,'26년03월'!I:I) -> 0.078947368 | V83: =SUMIF('26년04월'!$F$1:$I$741,CSR!E83,'26년04월'!I:I) -> 0.10526316 | W83: =SUMIF('26년05월'!$F$1:$I$744,CSR!E83,'26년05월'!I:I) -> 0.052631579
D84: LGU+ 요청사항 대응 및 운영 | E84: CSR_30200 | H84: 파트너 | K84: 백광규C | L84: 사업계획 | O84: 5 | P84: =SUM(Q84:AB84) -> 8.5578947 | Q84: =SUMIF('25년11월'!$F$1:$I$792,CSR!E84,'25년11월'!I:I) -> 0.78947368 | R84: =SUMIF('25년12월'!$F$1:$I$764,CSR!E84,'25년12월'!I:I) -> 2.1842105 | S84: =SUMIF('26년01월'!$F$1:$I$741,CSR!E84,'26년01월'!I:I) -> 0.39473684 | T84: =SUMIF('26년02월'!$F$1:$I$734,CSR!E84,'26년02월'!I:I) -> 1.1842105 | U84: =SUMIF('26년03월'!$F$1:$I$738,CSR!E84,'26년03월'!I:I) -> 1.1052632 | V84: =SUMIF('26년04월'!$F$1:$I$741,CSR!E84,'26년04월'!I:I) -> 1.7263158 | W84: =SUMIF('26년05월'!$F$1:$I$744,CSR!E84,'26년05월'!I:I) -> 1.1736842
D85: VOC 처리, 대응 및 사용자 공지 | E85: CSR_30300 | H85: 파트너 | K85: 백광규C | L85: 사업계획 | O85: 5 | P85: =SUM(Q85:AB85) -> 2.1157895 | Q85: =SUMIF('25년11월'!$F$1:$I$792,CSR!E85,'25년11월'!I:I) -> 0.32631579 | R85: =SUMIF('25년12월'!$F$1:$I$764,CSR!E85,'25년12월'!I:I) -> 0.31578947 | S85: =SUMIF('26년01월'!$F$1:$I$741,CSR!E85,'26년01월'!I:I) -> 0.36842105 | T85: =SUMIF('26년02월'!$F$1:$I$734,CSR!E85,'26년02월'!I:I) -> 0.42105263 | U85: =SUMIF('26년03월'!$F$1:$I$738,CSR!E85,'26년03월'!I:I) -> 0.052631579 | V85: =SUMIF('26년04월'!$F$1:$I$741,CSR!E85,'26년04월'!I:I) -> 0.31578947 | W85: =SUMIF('26년05월'!$F$1:$I$744,CSR!E85,'26년05월'!I:I) -> 0.31578947
D86: 고객센터 (1:1문의, FAQ, 홈페이지) 관련 대응 및 운영 | E86: CSR_30400 | H86: 파트너 | K86: 백광규C | L86: 사업계획 | O86: 2 | P86: =SUM(Q86:AB86) -> 0.40526316 | Q86: =SUMIF('25년11월'!$F$1:$I$792,CSR!E86,'25년11월'!I:I) -> 0 | R86: =SUMIF('25년12월'!$F$1:$I$764,CSR!E86,'25년12월'!I:I) -> 0 | S86: =SUMIF('26년01월'!$F$1:$I$741,CSR!E86,'26년01월'!I:I) -> 0 | T86: =SUMIF('26년02월'!$F$1:$I$734,CSR!E86,'26년02월'!I:I) -> 0 | U86: =SUMIF('26년03월'!$F$1:$I$738,CSR!E86,'26년03월'!I:I) -> 0 | V86: =SUMIF('26년04월'!$F$1:$I$741,CSR!E86,'26년04월'!I:I) -> 0.26315789 | W86: =SUMIF('26년05월'!$F$1:$I$744,CSR!E86,'26년05월'!I:I) -> 0.14210526
D87: 서비스 품질관리를 위한 내부 QA 진행 | E87: CSR_30500 | H87: 파트너 | K87: 백광규C | L87: 사업계획 | O87: 2 | P87: =SUM(Q87:AB87) -> 0.052631579 | Q87: =SUMIF('25년11월'!$F$1:$I$792,CSR!E87,'25년11월'!I:I) -> 0 | R87: =SUMIF('25년12월'!$F$1:$I$764,CSR!E87,'25년12월'!I:I) -> 0 | S87: =SUMIF('26년01월'!$F$1:$I$741,CSR!E87,'26년01월'!I:I) -> 0 | T87: =SUMIF('26년02월'!$F$1:$I$734,CSR!E87,'26년02월'!I:I) -> 0 | U87: =SUMIF('26년03월'!$F$1:$I$738,CSR!E87,'26년03월'!I:I) -> 0.052631579 | V87: =SUMIF('26년04월'!$F$1:$I$741,CSR!E87,'26년04월'!I:I) -> 0 | W87: =SUMIF('26년05월'!$F$1:$I$744,CSR!E87,'26년05월'!I:I) -> 0
D88: 업무보고 및 협의 | E88: CSR_30600 | H88: 파트너 | K88: 백광규C | L88: 사업계획 | O88: 15 | P88: =SUM(Q88:AB88) -> 15.221053 | Q88: =SUMIF('25년11월'!$F$1:$I$792,CSR!E88,'25년11월'!I:I) -> 2.2631579 | R88: =SUMIF('25년12월'!$F$1:$I$764,CSR!E88,'25년12월'!I:I) -> 2.2631579 | S88: =SUMIF('26년01월'!$F$1:$I$741,CSR!E88,'26년01월'!I:I) -> 2.2631579 | T88: =SUMIF('26년02월'!$F$1:$I$734,CSR!E88,'26년02월'!I:I) -> 2.2631579 | U88: =SUMIF('26년03월'!$F$1:$I$738,CSR!E88,'26년03월'!I:I) -> 2.2631579 | V88: =SUMIF('26년04월'!$F$1:$I$741,CSR!E88,'26년04월'!I:I) -> 2.1 | W88: =SUMIF('26년05월'!$F$1:$I$744,CSR!E88,'26년05월'!I:I) -> 1.8052632
C89: 시스템 운영 | D89: 서버 운영 지원 및 모니터링/장애대응_부가서비스 및 광고 | E89: CSR_30700 | H89: 파트너 | K89: 백광규C | L89: 사업계획 | O89: 3 | P89: =SUM(Q89:AB89) -> 2.8947368 | Q89: =SUMIF('25년11월'!$F$1:$I$792,CSR!E89,'25년11월'!I:I) -> 0.36842105 | R89: =SUMIF('25년12월'!$F$1:$I$764,CSR!E89,'25년12월'!I:I) -> 0.15789474 | S89: =SUMIF('26년01월'!$F$1:$I$741,CSR!E89,'26년01월'!I:I) -> 0 | T89: =SUMIF('26년02월'!$F$1:$I$734,CSR!E89,'26년02월'!I:I) -> 0.26315789 | U89: =SUMIF('26년03월'!$F$1:$I$738,CSR!E89,'26년03월'!I:I) -> 1.1052632 | V89: =SUMIF('26년04월'!$F$1:$I$741,CSR!E89,'26년04월'!I:I) -> 0.68421053 | W89: =SUMIF('26년05월'!$F$1:$I$744,CSR!E89,'26년05월'!I:I) -> 0.31578947
D90: 서버 운영 지원 및 모니터링/장애대응_신분증 서비스 | E90: CSR_30800 | H90: 파트너 | K90: 백광규C | L90: 사업계획 | O90: 3 | P90: =SUM(Q90:AB90) -> 2.6315789 | Q90: =SUMIF('25년11월'!$F$1:$I$792,CSR!E90,'25년11월'!I:I) -> 0.42105263 | R90: =SUMIF('25년12월'!$F$1:$I$764,CSR!E90,'25년12월'!I:I) -> 0.26315789 | S90: =SUMIF('26년01월'!$F$1:$I$741,CSR!E90,'26년01월'!I:I) -> 0.052631579 | T90: =SUMIF('26년02월'!$F$1:$I$734,CSR!E90,'26년02월'!I:I) -> 0.31578947 | U90: =SUMIF('26년03월'!$F$1:$I$738,CSR!E90,'26년03월'!I:I) -> 0.052631579 | V90: =SUMIF('26년04월'!$F$1:$I$741,CSR!E90,'26년04월'!I:I) -> 0.52631579 | W90: =SUMIF('26년05월'!$F$1:$I$744,CSR!E90,'26년05월'!I:I) -> 1
D91: 장애대응 공지메뉴 추가 (VAS 어드민) | E91: CSR_30900 | H91: 파트너 | J91: 박성훈C | K91: 백광규C | P91: =SUM(Q91:AB91) -> 0.10526316 | U91: =SUMIF('26년03월'!$F$1:$I$738,CSR!E91,'26년03월'!I:I) -> 0.10526316 | V91: =SUMIF('26년04월'!$F$1:$I$741,CSR!E91,'26년04월'!I:I) -> 0 | W91: =SUMIF('26년05월'!$F$1:$I$744,CSR!E91,'26년05월'!I:I) -> 0
C92: 소계 | O92: =SUM(O82:O91) -> 41 | P92: =SUM(P82:P91) -> 36.594737 | Q92: =SUM(Q82:Q91) -> 5.2368421 | R92: =SUM(R82:R91) -> 5.6315789 | S92: =SUM(S82:S91) -> 3.6842105 | T92: =SUM(T82:T91) -> 5.2894737 | U92: =SUM(U82:U91) -> 5.1473684 | V92: =SUM(V82:V91) -> 6.3526316 | ... AB92: =SUM(AB82:AB91) -> 0
B93: 신규사업 개발 | C93: B2G서비스 연동 | D93: KAIT 명의도용방지서비스(M-safer) 고도화 | E93: CSR_40000 | H93: 파트너 | J93: 박성훈C | K93: 백광규C | L93: 사업계획 | O93: 3 | P93: =SUM(Q93:AB93) -> 0.057894737 | Q93: =SUMIF('25년11월'!$F$1:$I$792,CSR!E93,'25년11월'!I:I) -> 0 | R93: =SUMIF('25년12월'!$F$1:$I$764,CSR!E93,'25년12월'!I:I) -> 0 | S93: =SUMIF('26년01월'!$F$1:$I$741,CSR!E93,'26년01월'!I:I) -> 0 | T93: =SUMIF('26년02월'!$F$1:$I$734,CSR!E93,'26년02월'!I:I) -> 0.026315789 | U93: =SUMIF('26년03월'!$F$1:$I$738,CSR!E93,'26년03월'!I:I) -> 0.010526316 | V93: =SUMIF('26년04월'!$F$1:$I$741,CSR!E93,'26년04월'!I:I) -> 0.0052631579 | W93: =SUMIF('26년05월'!$F$1:$I$744,CSR!E93,'26년05월'!I:I) -> 0.015789474
D94: 혜택알리미 등 PASS지갑 연동 개발 | E94: CSR_40100 | H94: 파트너 | J94: 박성훈C | K94: 백광규C | L94: 사업계획 | O94: 3 | P94: =SUM(Q94:AB94) -> 0 | Q94: =SUMIF('25년11월'!$F$1:$I$792,CSR!E94,'25년11월'!I:I) -> 0 | R94: =SUMIF('25년12월'!$F$1:$I$764,CSR!E94,'25년12월'!I:I) -> 0 | S94: =SUMIF('26년01월'!$F$1:$I$741,CSR!E94,'26년01월'!I:I) -> 0 | T94: =SUMIF('26년02월'!$F$1:$I$734,CSR!E94,'26년02월'!I:I) -> 0 | U94: =SUMIF('26년03월'!$F$1:$I$738,CSR!E94,'26년03월'!I:I) -> 0 | V94: =SUMIF('26년04월'!$F$1:$I$741,CSR!E94,'26년04월'!I:I) -> 0 | W94: =SUMIF('26년05월'!$F$1:$I$744,CSR!E94,'26년05월'!I:I) -> 0
C95: 인증플랫폼 | D95: 본인확인 고도화 | E95: CSR_40200 | H95: 파트너 | J95: 김동한C | K95: 백광규C | L95: 사업계획 | O95: 5 | P95: =SUM(Q95:AB95) -> 0 | Q95: =SUMIF('25년11월'!$F$1:$I$792,CSR!E95,'25년11월'!I:I) -> 0 | R95: =SUMIF('25년12월'!$F$1:$I$764,CSR!E95,'25년12월'!I:I) -> 0 | S95: =SUMIF('26년01월'!$F$1:$I$741,CSR!E95,'26년01월'!I:I) -> 0 | T95: =SUMIF('26년02월'!$F$1:$I$734,CSR!E95,'26년02월'!I:I) -> 0 | U95: =SUMIF('26년03월'!$F$1:$I$738,CSR!E95,'26년03월'!I:I) -> 0 | V95: =SUMIF('26년04월'!$F$1:$I$741,CSR!E95,'26년04월'!I:I) -> 0 | W95: =SUMIF('26년05월'!$F$1:$I$744,CSR!E95,'26년05월'!I:I) -> 0
D96: 모바일신분증 고도화 (라인업 확대_시민증 관광증) | E96: CSR_40300 | H96: 파트너 | J96: 박병주C | K96: 백광규C | L96: 사업계획 | O96: 30 | P96: =SUM(Q96:AB96) -> 3.2368421 | Q96: =SUMIF('25년11월'!$F$1:$I$792,CSR!E96,'25년11월'!I:I) -> 1.1052632 | R96: =SUMIF('25년12월'!$F$1:$I$764,CSR!E96,'25년12월'!I:I) -> 0 | S96: =SUMIF('26년01월'!$F$1:$I$741,CSR!E96,'26년01월'!I:I) -> 1.6315789 | T96: =SUMIF('26년02월'!$F$1:$I$734,CSR!E96,'26년02월'!I:I) -> 0.10526316 | U96: =SUMIF('26년03월'!$F$1:$I$738,CSR!E96,'26년03월'!I:I) -> 0.10526316 | V96: =SUMIF('26년04월'!$F$1:$I$741,CSR!E96,'26년04월'!I:I) -> 0.15789474 | W96: =SUMIF('26년05월'!$F$1:$I$744,CSR!E96,'26년05월'!I:I) -> 0.13157895
D97: 통신업무 "안면인증" PASS 활용 기능 및 사업화 | E97: CSR_40400 | H97: 파트너 | J97: 박성훈C | K97: 백광규C | L97: 사업계획 | O97: 10 | P97: =SUM(Q97:AB97) -> 3.3421053 | Q97: =SUMIF('25년11월'!$F$1:$I$792,CSR!E97,'25년11월'!I:I) -> 0.94736842 | R97: =SUMIF('25년12월'!$F$1:$I$764,CSR!E97,'25년12월'!I:I) -> 1.3157895 | S97: =SUMIF('26년01월'!$F$1:$I$741,CSR!E97,'26년01월'!I:I) -> 0.52631579 | T97: =SUMIF('26년02월'!$F$1:$I$734,CSR!E97,'26년02월'!I:I) -> 0.21052632 | U97: =SUMIF('26년03월'!$F$1:$I$738,CSR!E97,'26년03월'!I:I) -> 0.21052632 | V97: =SUMIF('26년04월'!$F$1:$I$741,CSR!E97,'26년04월'!I:I) -> 0.10526316 | W97: =SUMIF('26년05월'!$F$1:$I$744,CSR!E97,'26년05월'!I:I) -> 0.026315789
D98: 인증서 고도화 | E98: CSR_40500 | H98: 파트너 | J98: 임인혁C | K98: 백광규C | L98: 사업계획 | O98: 10 | P98: =SUM(Q98:AB98) -> 2.3789474 | Q98: =SUMIF('25년11월'!$F$1:$I$792,CSR!E98,'25년11월'!I:I) -> 1 | R98: =SUMIF('25년12월'!$F$1:$I$764,CSR!E98,'25년12월'!I:I) -> 0.10526316 | S98: =SUMIF('26년01월'!$F$1:$I$741,CSR!E98,'26년01월'!I:I) -> 1.1052632 | T98: =SUMIF('26년02월'!$F$1:$I$734,CSR!E98,'26년02월'!I:I) -> 0 | U98: =SUMIF('26년03월'!$F$1:$I$738,CSR!E98,'26년03월'!I:I) -> 0 | V98: =SUMIF('26년04월'!$F$1:$I$741,CSR!E98,'26년04월'!I:I) -> 0.010526316 | W98: =SUMIF('26년05월'!$F$1:$I$744,CSR!E98,'26년05월'!I:I) -> 0.15789474
D99: PASS지갑 고도화 | E99: CSR_40600 | H99: 파트너 | J99: 박성훈C | K99: 백광규C | L99: 사업계획 | O99: 5 | P99: =SUM(Q99:AB99) -> 1.9736842 | Q99: =SUMIF('25년11월'!$F$1:$I$792,CSR!E99,'25년11월'!I:I) -> 0 | R99: =SUMIF('25년12월'!$F$1:$I$764,CSR!E99,'25년12월'!I:I) -> 0 | S99: =SUMIF('26년01월'!$F$1:$I$741,CSR!E99,'26년01월'!I:I) -> 0.44736842 | T99: =SUMIF('26년02월'!$F$1:$I$734,CSR!E99,'26년02월'!I:I) -> 0.31578947 | U99: =SUMIF('26년03월'!$F$1:$I$738,CSR!E99,'26년03월'!I:I) -> 0.10526316 | V99: =SUMIF('26년04월'!$F$1:$I$741,CSR!E99,'26년04월'!I:I) -> 0.42105263 | W99: =SUMIF('26년05월'!$F$1:$I$744,CSR!E99,'26년05월'!I:I) -> 0.68421053
D100: 휴대폰결제 고도화 | E100: CSR_40700 | H100: 파트너 | J100: 임인혁C | K100: 백광규C | L100: 사업계획 | O100: 15 | P100: =SUM(Q100:AB100) -> 1.7894737 | Q100: =SUMIF('25년11월'!$F$1:$I$792,CSR!E100,'25년11월'!I:I) -> 0.47368421 | R100: =SUMIF('25년12월'!$F$1:$I$764,CSR!E100,'25년12월'!I:I) -> 0 | S100: =SUMIF('26년01월'!$F$1:$I$741,CSR!E100,'26년01월'!I:I) -> 0.47368421 | T100: =SUMIF('26년02월'!$F$1:$I$734,CSR!E100,'26년02월'!I:I) -> 0.31578947 | U100: =SUMIF('26년03월'!$F$1:$I$738,CSR!E100,'26년03월'!I:I) -> 0.052631579 | V100: =SUMIF('26년04월'!$F$1:$I$741,CSR!E100,'26년04월'!I:I) -> 0.42105263 | W100: =SUMIF('26년05월'!$F$1:$I$744,CSR!E100,'26년05월'!I:I) -> 0.052631579
D101: 신분증결제 고도화 | E101: CSR_40800 | H101: 파트너 | J101: 박병주C | K101: 백광규C | L101: 사업계획 | O101: 5 | P101: =SUM(Q101:AB101) -> 1.1052632 | Q101: =SUMIF('25년11월'!$F$1:$I$792,CSR!E101,'25년11월'!I:I) -> 0.47368421 | R101: =SUMIF('25년12월'!$F$1:$I$764,CSR!E101,'25년12월'!I:I) -> 0.42105263 | S101: =SUMIF('26년01월'!$F$1:$I$741,CSR!E101,'26년01월'!I:I) -> 0 | T101: =SUMIF('26년02월'!$F$1:$I$734,CSR!E101,'26년02월'!I:I) -> 0 | U101: =SUMIF('26년03월'!$F$1:$I$738,CSR!E101,'26년03월'!I:I) -> 0.21052632 | V101: =SUMIF('26년04월'!$F$1:$I$741,CSR!E101,'26년04월'!I:I) -> 0 | W101: =SUMIF('26년05월'!$F$1:$I$744,CSR!E101,'26년05월'!I:I) -> 0
C102: 신규서비스개발 | D102: PASS 안심인증 서비스 개발 | E102: CSR_40900 | H102: 파트너 | J102: 박성훈C | K102: 백광규C | L102: 사업계획 | O102: 10 | P102: =SUM(Q102:AB102) -> 0 | Q102: =SUMIF('25년11월'!$F$1:$I$792,CSR!E102,'25년11월'!I:I) -> 0 | R102: =SUMIF('25년12월'!$F$1:$I$764,CSR!E102,'25년12월'!I:I) -> 0 | S102: =SUMIF('26년01월'!$F$1:$I$741,CSR!E102,'26년01월'!I:I) -> 0 | T102: =SUMIF('26년02월'!$F$1:$I$734,CSR!E102,'26년02월'!I:I) -> 0 | U102: =SUMIF('26년03월'!$F$1:$I$738,CSR!E102,'26년03월'!I:I) -> 0 | V102: =SUMIF('26년04월'!$F$1:$I$741,CSR!E102,'26년04월'!I:I) -> 0 | W102: =SUMIF('26년05월'!$F$1:$I$744,CSR!E102,'26년05월'!I:I) -> 0
D103: 콘텐츠 신규 개발 및 플랫폼 연동 | E103: CSR_41000 | H103: 파트너 | J103: 박성훈C | K103: 백광규C | L103: 사업계획 | O103: 3 | P103: =SUM(Q103:AB103) -> 0 | Q103: =SUMIF('25년11월'!$F$1:$I$792,CSR!E103,'25년11월'!I:I) -> 0 | R103: =SUMIF('25년12월'!$F$1:$I$764,CSR!E103,'25년12월'!I:I) -> 0 | S103: =SUMIF('26년01월'!$F$1:$I$741,CSR!E103,'26년01월'!I:I) -> 0 | T103: =SUMIF('26년02월'!$F$1:$I$734,CSR!E103,'26년02월'!I:I) -> 0 | U103: =SUMIF('26년03월'!$F$1:$I$738,CSR!E103,'26년03월'!I:I) -> 0 | V103: =SUMIF('26년04월'!$F$1:$I$741,CSR!E103,'26년04월'!I:I) -> 0 | W103: =SUMIF('26년05월'!$F$1:$I$744,CSR!E103,'26년05월'!I:I) -> 0
D104: 부가서비스 신규 개발 및 플랫폼 연동 | E104: CSR_41100 | H104: 파트너 | J104: 박성훈C | K104: 백광규C | L104: 사업계획 | O104: 5 | P104: =SUM(Q104:AB104) -> 0 | Q104: =SUMIF('25년11월'!$F$1:$I$792,CSR!E104,'25년11월'!I:I) -> 0 | R104: =SUMIF('25년12월'!$F$1:$I$764,CSR!E104,'25년12월'!I:I) -> 0 | S104: =SUMIF('26년01월'!$F$1:$I$741,CSR!E104,'26년01월'!I:I) -> 0 | T104: =SUMIF('26년02월'!$F$1:$I$734,CSR!E104,'26년02월'!I:I) -> 0 | U104: =SUMIF('26년03월'!$F$1:$I$738,CSR!E104,'26년03월'!I:I) -> 0 | V104: =SUMIF('26년04월'!$F$1:$I$741,CSR!E104,'26년04월'!I:I) -> 0 | W104: =SUMIF('26년05월'!$F$1:$I$744,CSR!E104,'26년05월'!I:I) -> 0
D105: ㄴ마인드케어 프리미엄 | E105: CSR_41101 | H105: 파트너 | J105: 박성훈C | K105: 백광규C | M105: 26년 03월 | N105: 완료 | P105: =SUM(Q105:AB105) -> 1.5789474 | Q105: =SUMIF('25년11월'!$F$1:$I$792,CSR!E105,'25년11월'!I:I) -> 0 | R105: =SUMIF('25년12월'!$F$1:$I$764,CSR!E105,'25년12월'!I:I) -> 0.47368421 | S105: =SUMIF('26년01월'!$F$1:$I$741,CSR!E105,'26년01월'!I:I) -> 0.68421053 | T105: =SUMIF('26년02월'!$F$1:$I$734,CSR!E105,'26년02월'!I:I) -> 0.31578947 | U105: =SUMIF('26년03월'!$F$1:$I$738,CSR!E105,'26년03월'!I:I) -> 0.10526316 | V105: =SUMIF('26년04월'!$F$1:$I$741,CSR!E105,'26년04월'!I:I) -> 0 | W105: =SUMIF('26년05월'!$F$1:$I$744,CSR!E105,'26년05월'!I:I) -> 0
D106: ㄴ에코혜택모아 | E106: CSR_41102 | H106: 파트너 | J106: 박성훈C | K106: 백광규C | M106: 26년 03월 | N106: 완료 | P106: =SUM(Q106:AB106) -> 1.7368421 | Q106: =SUMIF('25년11월'!$F$1:$I$792,CSR!E106,'25년11월'!I:I) -> 0.052631579 | R106: =SUMIF('25년12월'!$F$1:$I$764,CSR!E106,'25년12월'!I:I) -> 0.42105263 | S106: =SUMIF('26년01월'!$F$1:$I$741,CSR!E106,'26년01월'!I:I) -> 0.63157895 | T106: =SUMIF('26년02월'!$F$1:$I$734,CSR!E106,'26년02월'!I:I) -> 0.52631579 | U106: =SUMIF('26년03월'!$F$1:$I$738,CSR!E106,'26년03월'!I:I) -> 0.10526316 | V106: =SUMIF('26년04월'!$F$1:$I$741,CSR!E106,'26년04월'!I:I) -> 0 | W106: =SUMIF('26년05월'!$F$1:$I$744,CSR!E106,'26년05월'!I:I) -> 0
D107: ㄴPASS안심클라우드 | E107: CSR_41103 | H107: 파트너 | J107: 박성훈C | K107: 백광규C | M107: 26년 06월 | N107: 진행중 | P107: =SUM(Q107:AB107) -> 2.7894737 | Q107: =SUMIF('25년11월'!$F$1:$I$792,CSR!E107,'25년11월'!I:I) -> 0 | R107: =SUMIF('25년12월'!$F$1:$I$764,CSR!E107,'25년12월'!I:I) -> 0 | S107: =SUMIF('26년01월'!$F$1:$I$741,CSR!E107,'26년01월'!I:I) -> 0 | T107: =SUMIF('26년02월'!$F$1:$I$734,CSR!E107,'26년02월'!I:I) -> 0 | U107: =SUMIF('26년03월'!$F$1:$I$738,CSR!E107,'26년03월'!I:I) -> 0.57894737 | V107: =SUMIF('26년04월'!$F$1:$I$741,CSR!E107,'26년04월'!I:I) -> 0.36842105 | W107: =SUMIF('26년05월'!$F$1:$I$744,CSR!E107,'26년05월'!I:I) -> 1.8421053
D108: ㄴ오늘의 게임 | E108: CSR_41104 | H108: 파트너 | J108: 박성훈C | K108: 백광규C | M108: 26년 06월 | N108: 진행중 | P108: =SUM(Q108:AB108) -> 0.42105263 | T108: =SUMIF('26년02월'!$F$1:$I$734,CSR!E108,'26년02월'!I:I) -> 0.052631579 | U108: =SUMIF('26년03월'!$F$1:$I$738,CSR!E108,'26년03월'!I:I) -> 0.10526316 | V108: =SUMIF('26년04월'!$F$1:$I$741,CSR!E108,'26년04월'!I:I) -> 0.15789474 | W108: =SUMIF('26년05월'!$F$1:$I$744,CSR!E108,'26년05월'!I:I) -> 0.10526316
...

Sheet 26년06월
A1: 월 | B1: 구분 | C1: 중점추진과제 | D1: 상세추진과제 | E1: 상세 추진 내용 | F1: CSR ID | G1: 완료일시 | H1: 투입M/D | I1: 투입M/M | J1: 처리자 | K1: 비고 | L1: AI활용 | M1: AI활용내용
A2: 5월 | B2: 서비스 품질관리 | C2: 서비스 운영 | D2: 업무보고 및 협의 | E2: PASS전략파트너 개발 관련 업무보고 및 협의 - 내부/외부 회의 및 협의 | F2: =VLOOKUP(D2,CSR!$D$4:$E$1180,2,FALSE) -> CSR_30600 | G2: 46171 | H2: 5 | I2: =H2*10/190 -> 0.26315789 | J2: 개발PM | L2: 하 | M2: 실제 협의는 이해관계 조율, 내부 판단, 대외 커뮤니케이션이 핵심이므로 AI 활용 효과가 제한적. 활용 방안 추가 모색
A3: 6월 | B3: 서비스 품질관리 | C3: 서비스 운영 | D3: 업무보고 및 협의 | E3: PASS전략파트너 개발 관련 업무보고 및 협의 - 내부/외부 회의 및 협의 | F3: =VLOOKUP(D3,CSR!$D$4:$E$1180,2,FALSE) -> CSR_30600 | G3: 46178 | H3: 5 | I3: =H3*10/190 -> 0.26315789 | J3: 개발PM | L3: 하 | M3: 실제 협의는 이해관계 조율, 내부 판단, 대외 커뮤니케이션이 핵심이므로 AI 활용 효과가 제한적. 활용 방안 추가 모색
A4: 6월 | B4: 서비스 품질관리 | C4: 서비스 운영 | D4: 업무보고 및 협의 | E4: PASS전략파트너 개발 관련 업무보고 및 협의 - 내부/외부 회의 및 협의 | F4: =VLOOKUP(D4,CSR!$D$4:$E$1180,2,FALSE) -> CSR_30600 | G4: 46185 | H4: 5 | I4: =H4*10/190 -> 0.26315789 | J4: 개발PM | L4: 하 | M4: 실제 협의는 이해관계 조율, 내부 판단, 대외 커뮤니케이션이 핵심이므로 AI 활용 효과가 제한적. 활용 방안 추가 모색
A5: 6월 | B5: 서비스 품질관리 | C5: 서비스 운영 | D5: 업무보고 및 협의 | E5: PASS전략파트너 개발 관련 업무보고 및 협의 - 내부/외부 회의 및 협의 | F5: =VLOOKUP(D5,CSR!$D$4:$E$1180,2,FALSE) -> CSR_30600 | G5: 46192 | H5: 4 | I5: =H5*10/190 -> 0.21052632 | J5: 개발PM | L5: 하 | M5: 실제 협의는 이해관계 조율, 내부 판단, 대외 커뮤니케이션이 핵심이므로 AI 활용 효과가 제한적. 활용 방안 추가 모색
A6: 5월 | B6: 기능 고도화 | C6: PASS기능개발 | D6: PASS UI/UX 개선 | E6: 인증내역 조회기간 선택 시트, 월 선택 영역, 모바일신분증 인증 유형 아이콘 AOS 기능 개발 | F6: =VLOOKUP(D6,CSR!$D$4:$E$1180,2,FALSE) -> CSR_11500 | G6: 46171 | H6: 1 | I6: =H6*10/190 -> 0.052631579 | J6: Android개발자2 | L6: 상 | M6: 인증내역 월조회 UI 상태 처리와 유형 아이콘 매핑 코드 자동 생성하여 화면 구현 누락 방지
A7: 5월 | B7: 기능 고도화 | C7: PASS기능개발 | D7: OS 보안 대응 | E7: 안드로이드 16 대응 범위 확인 및 AOS 호환 기능 개발 | F7: =VLOOKUP(D7,CSR!$D$4:$E$1180,2,FALSE) -> CSR_11501 | G7: 46171 | H7: 1 | I7: =H7*10/190 -> 0.052631579 | J7: Android개발자2 | L7: 상 | M7: Android 16 권한/백그라운드 영향도 사전 검토와 대응 코드 패턴 생성으로 OS 변경 사이드 이슈 사전 확인
A8: 5월 | B8: 기능 고도화 | C8: PASS기능개발 | D8: PASS MY 화면 고도화 | E8: MY화면 CP 연동 영역 업데이트 안내 추가 AOS 기능 개발 | F8: =VLOOKUP(D8,CSR!$D$4:$E$1180,2,FALSE) -> CSR_10400 | G8: 46171 | H8: 1 | I8: =H8*10/190 -> 0.052631579 | J8: Android개발자2 | L8: 상 | M8: MY화면 CP 연동 응답 바인딩과 업데이트 안내 UI 코드 자동 생성하여 API 연동 영향 범위 명확화
A9: 5월 | B9: 기능 고도화 | C9: PASS기능개발 | D9: ㄴ26년 6월 앱 배포 검수 | E9: 6월 앱 CVT 국내스탁 가입배너 및 안심클라우드 업로드 크래시 확인 대응 | F9: =VLOOKUP(D9,CSR!$D$4:$E$1180,2,FALSE) -> CSR_11416 | G9: 46171 | H9: 1 | I9: =H9*10/190 -> 0.052631579 | J9: Android개발자2 | L9: 하 | M9: CVT 재현 케이스와 회귀 테스트 체크리스트 자동 생성하여 검수 항목 누락 방지
A10: 5월 | B10: 기능 고도화 | C10: PASS기능개발 | D10: ㄴ26년 5월 2차 서버 검수 | E10: 부가서비스/관리자/일반서비스 5월 2차 서버 반영 전후 확인 및 형상 병합·태깅 지원 | F10: =VLOOKUP(D10,CSR!$D$4:$E$1180,2,FALSE) -> CSR_11415 | G10: 46171 | H10: 2 | I10: =H10*10/190 -> 0.10526316 | J10: 서버개발자5 | L10: 하 | M10: 서버 반영 순서 체크리스트와 형상 병합 확인 목록 자동 생성하여 반영 순서 오류 방지
A11: 5월 | B11: 기능 고도화 | C11: PASS기능개발 | D11: 서비스 개발 | E11: 1:1문의하기 분리보관 스케줄러 GC Full 조치 및 부가서비스 유료가입창 관리자 수정 개발 | F11: =VLOOKUP(D11,CSR!$D$4:$E$1180,2,FALSE) -> CSR_11300 | G11: 46171 | H11: 1 | I11: =H11*10/190 -> 0.052631579 | J11: 서버개발자5 | L11: 상 | M11: 스케줄러 GC Full 원인 후보 분석과 관리자 화면 수정 코드 자동 생성으로 동일 유형 오류 재발 가능성 감소
A12: 5월 | B12: 마케팅 | C12: PASS활성화 이벤트 | D12: ㄴ주소록 오픈 이벤트 (with 오피스도우미) | E12: 26년 4월 주소록X오피스도우미 주별 응모자 데이터 및 PUSH 통계 추출 요청 대응 | F12: =VLOOKUP(D12,CSR!$D$4:$E$1180,2,FALSE) -> CSR_20006 | G12: 46171 | H12: 1 | I12: =H12*10/190 -> 0.052631579 | J12: 서버개발자5 | L12: 중 | M12: 응모자 추출 SQL과 PUSH 통계 검증 쿼리 자동 생성하여 조건 누락 및 집계 오류 감소
A13: 5월 | B13: 기능 고도화 | C13: PASS기능개발 | D13: ㄴ26년 5월 2차 서버 검수 | E13: 모바일신분증 DVT 산출물, 통합인증 IMEI 제거 검수 테스트 및 암호화 필드 조회 확인 | F13: =VLOOKUP(D13,CSR!$D$4:$E$1180,2,FALSE) -> CSR_11415 | G13: 46171 | H13: 2 | I13: =H13*10/190 -> 0.10526316 | J13: 서버개발자4 | L13: 중 | M13: DVT 산출물 초안과 IMEI 제거 검증 쿼리 자동 생성하여 검수 항목 누락 방지
... A169: 6월 | B169: 기능 고도화 | C169: PASS기능개발 | D169: ㄴPASS 내 스와이프로 뒤로가기 | E169: 스와이프 뒤로가기 제스처 도입 - 기획서 수정, 개발 협의 및 문의 대응 - 타 서비스 및 현 버전의 앱 동작 테스트 | F169: =VLOOKUP(D169,CSR!$D$4:$E$1180,2,FALSE) -> CSR_11317 | G169: 46192 | H169: 3 | I169: =H169*10/190 -> 0.15789474 | J169: 기획자1 | L169: 중 | M169: OS 별 최신 시스템 제스처 가이드라인 이슈 분석 및 기존 서비스 인터랙션과의 충돌 범위 사전 검토 시 활용함
A170: 6월 | B170: 기능 고도화 | C170: PASS기능개발 | D170: ㄴ26년 6월 앱 배포 검수 | E170: 6월 앱업데이트 - 서버 상용 반영 모니터링 및 관리자 데이터 세팅 - CVT 대응 | F170: =VLOOKUP(D170,CSR!$D$4:$E$1180,2,FALSE) -> CSR_11416 | G170: 46192 | H170: 1 | I170: =H170*10/190 -> 0.052631579 | J170: 기획자1
A171: 6월 | B171: 신규사업 개발 | C171: 인증플랫폼 | D171: 인증서 고도화 | E171: PASS인증서 생체인증 도입 - 기획서 수정, 개발 협의 및 문의 대응 | F171: =VLOOKUP(D171,CSR!$D$4:$E$1180,2,FALSE) -> CSR_40500 | G171: 46192 | H171: 2 | I171: =H171*10/190 -> 0.10526316 | J171: 기획자1 | L171: 중 | M171: 생체인증 실패 시 대체 인증 수단 전환 설계를 위한 다양한 예외 케이스 설계 및 구체화 시 활용함
A172: 6월 | B172: 신규사업 개발 | C172: 인증플랫폼 | D172: 휴대폰결제 고도화 | E172: 휴대폰결제 고도화 (결제비밀번호 도입, 인증수단 다각화, 바코드 바로가기 기능 추가) - 휴대폰결제 개발 및 간편본인확인 서버 측과 연동 관련 협의 - 기획서 작성 및 수정, 내부 개발 협의 및 문의 대응 | F172: =VLOOKUP(D172,CSR!$D$4:$E$1180,2,FALSE) -> CSR_40700 | G172: 46192 | H172: 4 | I172: =H172*10/190 -> 0.21052632 | J172: 기획자1 | L172: 중 | M172: 서버 연동 구조와 하위 호환성 리스크 파악, 개발 담당자 피드백의 기술적 개념과 통신 구조를 해석하는데 활용함
A173: 6월 | B173: 신규사업 개발 | C173: 인증플랫폼 | D173: 통신업무 "안면인증" PASS 활용 기능 및 사업화 | E173: 안면인증 통계 고도화 - 요구사항 분석, 기획서 작성, 개발 협의 및 문의 대응 | F173: =VLOOKUP(D173,CSR!$D$4:$E$1180,2,FALSE) -> CSR_40400 | G173: 46192 | H173: 2 | I173: =H173*10/190 -> 0.10526316 | J173: 기획자1 | L173: 중 | M173: 지표 설계 및 기획서 초안 작성 시 활용함
A174: 6월 | B174: 신규사업 개발 | C174: 인증플랫폼 | D174: 모바일신분증 고도화 (라인업 확대_시민증 관광증) | E174: 시민증 도입 - 기획서 분석, 개발 협의 및 문의 대응, 개발 일정 협의 - QR/결제 적용 시안 디자인 작업 및 전달 | F174: =VLOOKUP(D174,CSR!$D$4:$E$1180,2,FALSE) -> CSR_40300 | G174: 46192 | H174: 1 | I174: =H174*10/190 -> 0.052631579 | J174: 기획자1
A175: 6월 | B175: 신규사업 개발 | C175: 인증플랫폼 | D175: 모바일신분증 고도화 (라인업 확대_시민증 관광증) | E175: MIS 신원인증 안면인증 예외 처리 - 기획서 초안 작성 및 개발 검토 요청 | F175: =VLOOKUP(D175,CSR!$D$4:$E$1180,2,FALSE) -> CSR_40300 | G175: 46192 | H175: 0.5 | I175: =H175*10/190 -> 0.026315789 | J175: 기획자1
A176: 6월 | B176: 신규사업 개발 | C176: 인증플랫폼 | D176: PASS지갑 고도화 | E176: PASS지갑 SDK 업데이트 - 개발 검토 요청 - SDK 마감일정 조율 및 배포 일정 안내 | F176: =VLOOKUP(D176,CSR!$D$4:$E$1180,2,FALSE) -> CSR_40600 | G176: 46182 | H176: 0.2 | I176: =H176*10/190 -> 0.010526316 | J176: 기획자1
A177: 6월 | B177: 서비스 품질관리 | C177: 서비스 운영 | D177: CP 파트너십 관리 (PASS 앱 기획, 디자인, 개발 가이드) | E177: 펫신분증 운영 대응 1. 하위서비스(펫세권) UI 개편 상용 반영 후 테스트 2. CP 데이터 초기화에 따른 PASS 가입 정보 초기화 대응 3. 검수 테스트 데이터 발급 요청 4. 검수앱 배포 요청 및 전달 | F177: =VLOOKUP(D177,CSR!$D$4:$E$1180,2,FALSE) -> CSR_30000 | G177: 46192 | H177: 0.5 | I177: =H177*10/190 -> 0.026315789 | J177: 기획자1
A178: 6월 | B178: 서비스 품질관리 | C178: 서비스 운영 | D178: CP 파트너십 관리 (PASS 앱 기획, 디자인, 개발 가이드) | E178: PASS지갑 운영 대응 1. 검수 증명서 발급 오류 확인 요청 및 테스트 2. 검수 전자고지 PUSH 발송 오류 확인 요청 및 테스트 3. 검수 서비스 진입 오류 확인 요청 및 테스트 4. IP 추가 등록 요청 | F178: =VLOOKUP(D178,CSR!$D$4:$E$1180,2,FALSE) -> CSR_30000 | G178: 46192 | H178: 0.5 | I178: =H178*10/190 -> 0.026315789 | J178: 기획자1
A179: 6월 | B179: 서비스 품질관리 | C179: 서비스 운영 | D179: 업무보고 및 협의 | E179: PASS U+ 월례회의 : 개발항목 협의 | F179: =VLOOKUP(D179,CSR!$D$4:$E$1180,2,FALSE) -> CSR_30600 | G179: 46182 | H179: 0.3 | I179: =H179*10/190 -> 0.015789474 | J179: 기획자1
A180: 6월 | B180: 서비스 품질관리 | C180: 서비스 운영 | D180: LGU+ 요청사항 대응 및 운영 | E180: 신분증 운영 대응 1. 안면인증 실패 통계 공유 - 주차 별 통계 수동 추출 요청, 검증 및 공유 (5월 4주차~5월 5주차) 2. 면허증 작업공지 등록 요청 (1건) 3. 통합인증서버 IMEI 조회 중단에 따른 앱 안내 로직 확인 및 U+ 공유 4. 면허증 가맹점 및 인증 데이터 추출 기준 정리 및 요청 | F180: =VLOOKUP(D180,CSR!$D$4:$E$1180,2,FALSE) -> CSR_30200 | G180: 46192 | H180: 1 | I180: =H180*10/190 -> 0.052631579 | J180: 기획자1
A181: 5월 | B181: 신규사업 개발 | C181: 신규서비스개발 | D181: ㄴPASS안심클라우드 | E181: PASS클라우드 - CP사 운영 SDK 개발 전달 - CVT 이슈 관련 CP사&개발&QA 문의 확인 및 F/U - 구글클라우드 oAuth 이슈 관련 U+ 공유 및 협의 - 서비스 약관 어드민 세팅(검수) - 검수환경 방화벽 해제 요청 건 F/U | F181: =VLOOKUP(D181,CSR!$D$4:$E$1180,2,FALSE) -> CSR_41103 | G181: 46162 | H181: 2 | I181: =H181*10/190 -> 0.10526316 | J181: 기획자2 | L181: 미활용
A182: 5월 | B182: 기능 고도화 | C182: PASS기능개발 | D182: PASS 주소록 기능 개발 | E182: PASS주소록 - 고도화 - 페이백쇼핑 반영 관련 CP사 협의 - 문서공유 오류 수정 관련 검증 - 문서공유 기능 관련 수정사항 CP사 협의(w.폴라리스오피스) | F182: =VLOOKUP(D182,CSR!$D$4:$E$1180,2,FALSE) -> CSR_10800 | G182: 46169 | H182: 2 | I182: =H182*10/190 -> 0.10526316 | J182: 기획자2 | L182: 미활용
A183: 5월 | B183: 서비스 품질관리 | C183: 서비스 운영 | D183: CP 파트너십 관리 (PASS 앱 기획, 디자인, 개발 가이드) | E183: 셀로 - 미사용 회원 삭제 관련 개발 방식 관련 개발&CP 협의 - 일반서비스 검수서버 방화벽 해제 완료 확인 금융혜택 - 통신위성 발사하기 알뜰폰 테스트 진행 및 결과 CP사 회신 | F183: =VLOOKUP(D183,CSR!$D$4:$E$1180,2,FALSE) -> CSR_30000 | G183: 46170 | H183: 1 | I183: =H183*10/190 -> 0.052631579 | J183: 기획자2 | L183: 미활용
A184: 5월 | B184: 기능 고도화 | C184: PASS기능개발 | D184: PASS MY 화면 고도화 | E184: MY 고도화 - 개발 방식 및 운영사항 개발팀 협의 - MY 개선사항 기획서 업데이트 | F184: =VLOOKUP(D184,CSR!$D$4:$E$1180,2,FALSE) -> CSR_10400 | G184: 46171 | H184: 1 | I184: =H184*10/190 -> 0.052631579 | J184: 기획자2 | L184: 미활용
A185: 5월 | B185: 기능 고도화 | C185: PASS기능개발 | D185: PASS 주소록 기능 개발 | E185: PASS주소록 - 신원인증 기능 추가 - CP사 제안서 검토 및 정책 관련 문의 - 기획서 업데이트 | F185: =VLOOKUP(D185,CSR!$D$4:$E$1180,2,FALSE) -> CSR_10800 | G185: 46171 | H185: 1.5 | I185: =H185*10/190 -> 0.078947368 | J185: 기획자2 | L185: 하 | M185: 신원인증 기능 관련 정책 검토 및 문서 정리를 보조적으로 수행
A186: 6월 | B186: 신규사업 개발 | C186: 신규서비스개발 | D186: ㄴPASS안심클라우드 | E186: PASS클라우드 - CVT 이슈 관련 CP사&개발&QA 문의 확인 및 F/U - 구글클라우드 oAuth 이슈 및 스토어 심사 관련 F/U - 서비스 약관 어드민 세팅(상용) | F186: =VLOOKUP(D186,CSR!$D$4:$E$1180,2,FALSE) -> CSR_41103 | G186: 46178 | H186: 2.5 | I186: =H186*10/190 -> 0.13157895 | J186: 기획자2 | L186: 미활용
A187: 6월 | B187: 기능 고도화 | C187: PASS기능개발 | D187: PASS 주소록 기능 개발 | E187: PASS주소록 - 고도화 - 8월 버전 기획서 초안 작성 - 페이백쇼핑 반영 관련 CP사 협의 - 온보딩 가이드 디자인 요청 및 검수 | F187: =VLOOKUP(D187,CSR!$D$4:$E$1180,2,FALSE) -> CSR_10800 | G187: 46178 | H187: 1 | I187: =H187*10/190 -> 0.052631579 | J187: 기획자2 | L187: 미활용
A188: 6월 | B188: 기능 고도화 | C188: PASS기능개발 | D188: ㄴPASS MAIN 개편 | E188: 메인 홈 개편 - 기획 요건 정리 및 기획서 초안 작성 | F188: =VLOOKUP(D188,CSR!$D$4:$E$1180,2,FALSE) -> CSR_10201 | G188: 46184 | H188: 2 | I188: =H188*10/190 -> 0.10526316 | J188: 기획자2 | L188: 하 | M188: 기획서 초안 작성 및 UI 구성 방향 검토 시 보조적으로 활용함
A189: 6월 | B189: 서비스 품질관리 | C189: 서비스 운영 | D189: 업무보고 및 협의 | E189: PASS U+ 월간회의 : 개발항목 협의 | F189: =VLOOKUP(D189,CSR!$D$4:$E$1180,2,FALSE) -> CSR_30600 | G189: 46182 | H189: 0.3 | I189: =H189*10/190 -> 0.015789474 | J189: 기획자2 | L189: 미활용
A190: 6월 | B190: 서비스 품질관리 | C190: 서비스 운영 | D190: LGU+ 요청사항 대응 및 운영 | E190: PASS주소록 서비스 소개서 작성 및 전달 | F190: =VLOOKUP(D190,CSR!$D$4:$E$1180,2,FALSE) -> CSR_30200 | G190: 46183 | H190: 0.2 | I190: =H190*10/190 -> 0.010526316 | J190: 기획자2 | L190: 미활용
A191: 6월 | B191: 기능 고도화 | C191: PASS기능개발 | D191: PASS 주소록 기능 개발 | E191: PASS주소록 - 신원인증 기능 추가 - CP사 제안서 검토 및 정책 관련 문의 - 기획서 업데이트 | F191: =VLOOKUP(D191,CSR!$D$4:$E$1180,2,FALSE) -> CSR_10800 | G191: 46184 | H191: 1.5 | I191: =H191*10/190 -> 0.078947368 | J191: 기획자2 | L191: 하 | M191: 신원인증 기능 관련 정책 검토 및 문서 정리를 보조적으로 수행
A192: 6월 | B192: 서비스 품질관리 | C192: 서비스 운영 | D192: CP 파트너십 관리 (PASS 앱 기획, 디자인, 개발 가이드) | E192: 셀로 - 미사용 회원 삭제 관련 개발 방식 관련 개발&CP 협의 - 검수환경 탈퇴 오류 관련 F/U 폴라리스오피스 - 오피스스캐너 관련 회의 웹툰 - 검수환경 진입 오류 관련 F/U | F192: =VLOOKUP(D192,CSR!$D$4:$E$1180,2,FALSE) -> CSR_30000 | G192: 46188 | H192: 0.5 | I192: =H192*10/190 -> 0.026315789 | J192: 기획자2 | L192: 미활용
A193: 6월 | B193: 신규사업 개발 | C193: 신규서비스개발 | D193: ㄴPASS안심클라우드 | E193: PASS클라우드 - 일정 공유 및 8월 개발 항목 확인 - 검수환경 진입 오류 관련 CP사 확인 - 최종 기획서 수급 일정 문의 | F193: =VLOOKUP(D193,CSR!$D$4:$E$1180,2,FALSE) -> CSR_41103 | G193: 46191 | H193: 1.5 | I193: =H193*10/190 -> 0.078947368 | J193: 기획자2 | L193: 미활용
A194: 6월 | B194: 기능 고도화 | C194: PASS기능개발 | D194: ㄴPASS MAIN 개편 | E194: 메인 홈 개편 - 기획 요건 정리 및 기획서 초안 작성 - 메인 홈 디자인 요청 | F194: =VLOOKUP(D194,CSR!$D$4:$E$1180,2,FALSE) -> CSR_10201 | G194: 46192 | H194: 2 | I194: =H194*10/190 -> 0.10526316 | J194: 기획자2 | L194: 하 | M194: 기획서 초안 작성 및 UI 구성 방향 검토 시 보조적으로 활용함
A195: 6월 | B195: 기능 고도화 | C195: 신규서비스개발 | D195: PASS 주소록 기능 개발 | E195: 온보딩페이지내 화면 현행화 적용 | F195: =VLOOKUP(D195,[1]CSR!$D$4:$E$1180,2,FALSE) -> #N/A | G195: 46171 | H195: 3 | I195: =H195*10/190 -> 0.15789474 | J195: 디자이너2 | L195: 미활용 | M195: 기존 작업된 화면 활용하였음
A196: 6월 | B196: 마케팅 | C196: PASS활성화 이벤트 | D196: ㄴ주소록X더치트프리미엄 연계 이벤트 | E196: - 주소록X더치트프리미엄 이벤트 당첨자 페이지 디자인 - 이벤트 배너 디자인 | F196: =VLOOKUP(D196,[1]CSR!$D$4:$E$1180,2,FALSE) -> #N/A | G196: 46178 | H196: 4 | I196: =H196*10/190 -> 0.21052632 | J196: 디자이너2 | L196: 하 | M196: 배너용 그래픽 리소스 생성 활용
A197: 6월 | B197: 마케팅 | C197: PASS활성화 이벤트 | D197: ㄴ주소록 오픈 이벤트 (with 오피스도우미) | E197: 주소록 오피스도우미 이벤트페이지 내 랭킹 영역 및 고지사항 수정 | F197: =VLOOKUP(D197,[1]CSR!$D$4:$E$1180,2,FALSE) -> #N/A | G197: 46189 | H197: 2 | I197: =H197*10/190 -> 0.10526316 | J197: 디자이너2 | L197: 미활용 | M197: 기존 작업된 화면에서 수정하여 AI활용 불필요
A198: 6월 | B198: 기능 고도화 | C198: PASS기능개발 | D198: PASS 홈 화면 고도화 (쉬운 화면 적용 등) | E198: PASS쉬운화면 - 메인 페이지 초안 디자인 - 설정 영역 변경사항 적용 | F198: =VLOOKUP(D198,[1]CSR!$D$4:$E$1180,2,FALSE) -> #N/A | G198: 46191 | H198: 4 | I198: =H198*10/190 -> 0.21052632 | J198: 디자이너2 | L198: 중 | M198: 화면 내 아이콘 디자인 초안 생성 및 UI 레퍼런스 참고
A199: 6월 | B199: 신규사업 개발 | C199: 신규서비스개발 | D199: ㄴPASS안심클라우드 | E199: 안심클라우드 7월 이벤트 티징 배너 제작 | F199: =VLOOKUP(D199,[1]CSR!$D$4:$E$1180,2,FALSE) -> #N/A | G199: 46190 | H199: 2 | I199: =H199*10/190 -> 0.10526316 | J199: 디자이너2 | L199: 하 | M199: 배너 내 비주얼 에셋 생성에 활용
A200: 5월 | B200: 기능 고도화 | C200: PASS기능개발 | D200: ㄴ26년 6월 앱 배포 검수 | E200: 26년 6월 개편 앱 CVT 1차 대응 - CVT 1차 검증 | F200: =VLOOKUP(D200,CSR!$D$4:$E$1180,2,FALSE) -> CSR_11416 | G200: 5월 28일 | H200: 3 | I200: =H200*10/190 -> 0.15789474 | J200: QA2 | L200: 미활용
A201: 6월 | B201: 기능 고도화 | C201: PASS기능개발 | D201: ㄴ26년 6월 앱 배포 검수 | E201: 26년 6월 개편 앱 CVT 2차 대응 - CVT 2차 검증 | F201: =VLOOKUP(D201,CSR!$D$4:$E$1180,2,FALSE) -> CSR_11416 | G201: 6월 4일 | H201: 4 | I201: =H201*10/190 -> 0.21052632 | J201: QA2 | L201: 미활용
A202: 6월 | B202: 기능 고도화 | C202: PASS기능개발 | D202: ㄴ JWT 도입에 따른 앱 진입/인증 흐름 개선 | E202: JWT 도입에 따른 앱 진입/인증 흐름 개선 - DVT 검증 | F202: =VLOOKUP(D202,CSR!$D$4:$E$1180,2,FALSE) -> CSR_11002 | G202: 6월 4일 | H202: 4 | I202: =H202*10/190 -> 0.21052632 | J202: QA2 | L202: 미활용
A203: 6월 | B203: 기능 고도화 | C203: PASS기능개발 | D203: ㄴ JWT 도입에 따른 앱 진입/인증 흐름 개선 | E203: JWT 도입에 따른 앱 진입/인증 흐름 개선 - DVT 검증 | F203: =VLOOKUP(D203,CSR!$D$4:$E$1180,2,FALSE) -> CSR_11002 | G203: 6월 9일 | H203: 4 | I203: =H203*10/190 -> 0.21052632 | J203: QA2 | L203: 미활용
A204: 6월 | B204: 기능 고도화 | C204: PASS기능개발 | D204: ㄴ JWT 도입에 따른 앱 진입/인증 흐름 개선 | E204: JWT 도입에 따른 앱 진입/인증 흐름 개선 - CVT 1차 검증 | F204: =VLOOKUP(D204,CSR!$D$4:$E$1180,2,FALSE) -> CSR_11002 | G204: 6월 18일 | H204: 4 | I204: =H204*10/190 -> 0.21052632 | J204: QA2 | L204: 미활용
A205: 5월 | B205: 기능 고도화 | C205: PASS기능개발 | D205: ㄴ26년 6월 앱 배포 검수 | E205: 26년 6월 개편 앱 CVT 1차 대응 1. 검증 앱 정보 전달(입고) 2. CVT 1차 검증 앱 리그레션 테스트 | F205: =VLOOKUP(D205,CSR!$D$4:$E$1180,2,FALSE) -> CSR_11416 | G205: 5월 28일 | H205: 3 | I205: =H205*10/190 -> 0.15789474 | J205: QA1 | L205: 미활용
A206: 6월 | B206: 기능 고도화 | C206: PASS기능개발 | D206: ㄴ26년 6월 앱 배포 검수 | E206: 26년 6월 개편 앱 CVT 2차 대응 1. 검증 앱 정보 전달(입고) 2. CVT 2차 검증 앱 리그레션 테스트 | F206: =VLOOKUP(D206,CSR!$D$4:$E$1180,2,FALSE) -> CSR_11416 | G206: 6월 4일 | H206: 4 | I206: =H206*10/190 -> 0.21052632 | J206: QA1 | L206: 미활용
A207: 6월 | B207: 기능 고도화 | C207: PASS기능개발 | D207: ㄴ JWT 도입에 따른 앱 진입/인증 흐름 개선 | E207: JWT 도입에 따른 앱 진입/인증 흐름 개선 - DVT 검증 | F207: =VLOOKUP(D207,CSR!$D$4:$E$1180,2,FALSE) -> CSR_11002 | G207: 6월 4일 | H207: 4 | I207: =H207*10/190 -> 0.21052632 | J207: QA1 | L207: 미활용
A208: 6월 | B208: 기능 고도화 | C208: PASS기능개발 | D208: ㄴ JWT 도입에 따른 앱 진입/인증 흐름 개선 | E208: JWT 도입에 따른 앱 진입/인증 흐름 개선 - DVT 검증 | F208: =VLOOKUP(D208,CSR!$D$4:$E$1180,2,FALSE) -> CSR_11002 | G208: 6월 9일 | H208: 4 | I208: =H208*10/190 -> 0.21052632 | J208: QA1 | L208: 미활용
A209: 6월 | B209: 기능 고도화 | C209: PASS기능개발 | D209: ㄴ JWT 도입에 따른 앱 진입/인증 흐름 개선 | E209: JWT 도입에 따른 앱 진입/인증 흐름 개선 1. 검증 앱 정보 전달(입고) 2. CVT 1차 검증 앱 리그레션 테스트 | F209: =VLOOKUP(D209,CSR!$D$4:$E$1180,2,FALSE) -> CSR_11002 | G209: 6월 18일 | H209: 4 | I209: =H209*10/190 -> 0.21052632 | J209: QA1 | L209: 미활용
A210: 5월 | B210: 기능 고도화 | C210: PASS기능개발 | D210: 서비스 개발 | E210: 인증내역 화면 개선에 따른 디자인 수정 및 추가 | F210: =VLOOKUP(D210,[2]CSR!$D$4:$E$1180,2,FALSE) -> CSR_11300 | G210: 5월 27일 | H210: 2 | I210: =H210*10/190 -> 0.10526316 | J210: 디자이너1
A211: 5월 | B211: 기능 고도화 | C211: PASS기능개발 | D211: ㄴ26년 6월 앱 배포 검수 | E211: 앱스토어 스크린샷 현행화 | F211: =VLOOKUP(D211,[2]CSR!$D$4:$E$1180,2,FALSE) -> CSR_11416 | G211: 5월 28일 | H211: 1 | I211: =H211*10/190 -> 0.052631579 | J211: 디자이너1
A212: 6월 | B212: 신규사업 개발 | C212: 인증플랫폼 | D212: 휴대폰결제 고도화 | E212: 휴대폰결제 Home, 설정 화면 디자인 | F212: =VLOOKUP(D212,[2]CSR!$D$4:$E$1180,2,FALSE) -> CSR_40700 | G212: 5월29일 | H212: 2.5 | I212: =H212*10/190 -> 0.13157895 | J212: 디자이너1
A213: 6월 | B213: 마케팅 | C213: PASS활성화 이벤트 | D213: (기타) 부가서비스 이벤트 지원 | E213: 통신위성 발사하기 icon, 마케팅 배너 제작 | F213: =VLOOKUP(D213,[2]CSR!$D$4:$E$1180,2,FALSE) -> CSR_20100 | G213: 6월 1일 | H213: 0.5 | I213: =H213*10/190 -> 0.026315789 | J213: 디자이너1 | L213: 하 | M213: 아이디어 및 레퍼런스 참고용으로 활용
A214: 6월 | B214: 신규사업 개발 | C214: 인증플랫폼 | D214: 통신업무 "안면인증" PASS 활용 기능 및 사업화 | E214: 안면인증 필수 적용 화면 디자인 | F214: =VLOOKUP(D214,[2]CSR!$D$4:$E$1180,2,FALSE) -> CSR_40400 | G214: 6월8일 | H214: 2 | I214: =H214*10/190 -> 0.10526316 | J214: 디자이너1
A215: 6월 | B215: 신규사업 개발 | C215: 인증플랫폼 | D215: 인증서 고도화 | E215: PASS인증서 생체인증 수단 추가 수정 및 신규화면 디자인 | F215: =VLOOKUP(D215,[2]CSR!$D$4:$E$1180,2,FALSE) -> CSR_40500 | G215: 6월 10일 | H215: 4 | I215: =H215*10/190 -> 0.21052632 | J215: 디자이너1
A216: 6월 | B216: 기능 고도화 | C216: PASS기능개발 | D216: 서비스 개발 | E216: 부가서비스 유료가입창 바텀시트 가이드 디자인 | F216: =VLOOKUP(D216,[2]CSR!$D$4:$E$1180,2,FALSE) -> CSR_11300 | G216: 6월 15일 | H216: 4 | I216: =H216*10/190 -> 0.21052632 | J216: 디자이너1
A217: 6월 | B217: 기능 고도화 | C217: PASS기능개발 | D217: ㄴPASS MAIN 개편 | E217: 메인 홈 개편 디자인 초안 제작 | F217: =VLOOKUP(D217,[2]CSR!$D$4:$E$1180,2,FALSE) -> CSR_10201 | G217: 6월 18일 | H217: 3 | I217: =H217*10/190 -> 0.15789474 | J217: 디자이너1 | L217: 하 | M217: 디자인 초안 작업 시 구성 참고용으로 활용
A218: 6월 | B218: 마케팅 | C218: PASS활성화 이벤트 | D218: ㄴ주소록X더치트프리미엄 연계 이벤트 | E218: - 주소록X더치트프리미엄 이벤트 당첨자 페이지 화면 퍼블 | F218: =VLOOKUP(D218,[2]CSR!$D$4:$E$1180,2,FALSE) -> CSR_20007 | G218: 46182 | H218: 2 | I218: =H218*10/190 -> 0.10526316 | J218: 퍼블리셔 | L218: 하

Sheet AI활용 현황 분석_유플러스 작성 예정
A1: ■ AI 활용 현황 분석 Dashboard (26년 05월) _유플러스 작성 예정
A3: [A] 구분별 AI 활용 수준 현황
A4: 구분 | B4: 전체 건수 | C4: 상 | D4: 중 | E4: 하 | F4: 미활용 | G4: AI활용율 (상+중)
A5: 기능 고도화 | B5: 156 | C5: 52 | D5: 48 | E5: 30 | F5: 26 | G5: 64.1%
A6: 마케팅 | B6: 24 | C6: 4 | D6: 8 | E6: 7 | F6: 5 | G6: 50.0%
A7: 서비스 품질관리 | B7: 52 | C7: 14 | D7: 18 | E7: 12 | F7: 8 | G7: 61.5%
A8: 신규사업 개발 | B8: 30 | C8: 10 | D8: 9 | E8: 6 | F8: 5 | G8: 63.3%
A9: 합계 | B9: 262 | C9: 80 | D9: 83 | E9: 55 | F9: 44 | G9: 62.2%
A12: [B] 역할군별 AI 활용 수준
A13: 역할군 | B13: 인원 | C13: 전체 M/M | D13: 상(%) | E13: 중(%) | F13: 하(%) | G13: 미활용(%) | H13: 활용도 평가
A14: Android 개발 | B14: 5 | C14: 5 | D14: 58% | E14: 30% | F14: 8% | G14: 4% | H14: 우수
A15: iOS 개발 | B15: 4 | C15: 4 | D15: 55% | E15: 32% | F15: 10% | G15: 3% | H15: 우수
A16: 서버 개발 | B16: 7 | C16: 7 | D16: 35% | E16: 40% | F16: 18% | G16: 7% | H16: 양호
A17: 기획 | B17: 4 | C17: 4 | D17: 15% | E17: 45% | F17: 30% | G17: 10% | H17: 양호
A18: QA | B18: 2 | C18: 2 | D18: 50% | E18: 35% | F18: 10% | G18: 5% | H18: 우수
A19: 디자이너 | B19: 2 | C19: 1.95 | D19: 5% | E19: 20% | F19: 40% | G19: 35% | H19: 개선필요
A20: PM/퍼블리셔/CS 등 | B20: 7 | C20: 2.58 | D20: 10% | E20: 25% | F20: 35% | G20: 30% | H20: 개선필요
A23: [C] AI 활용 주요 사례 (Best Practice)
A24: No | B24: 업무 영역 | C24: AI 활용 내용 | D24: 활용 수준 | E24: 개선 효과 (정성적)
A25: 1 | B25: AOS/iOS 앱 개발 | C25: Copilot 활용 반복 코드 패턴 자동완성 및 코드리뷰 보조 | D25: 상 | E25: 코드 작성 속도 향상, 코드 품질 일관성 개선
A26: 2 | B26: 서버 API 개발 | C26: Copilot 활용 API 엔드포인트 코드 생성 및 단위테스트 보조 | D26: 상 | E26: API 개발 속도 향상, 테스트 커버리지 확대
A27: 3 | B27: QA 테스트 | C27: AI 기반 테스트 시나리오 초안 자동 생성 후 검토·보완 | D27: 상 | E27: 테스트케이스 작성 시간 단축, 커버리지 향상
A28: 4 | B28: 기획·문서화 | C28: 기획서/요구사항 정의서 초안 AI 생성 후 검토·수정 | D28: 중 | E28: 기획 리드타임 단축, 문서 표준화 개선
A29: 5 | B29: 서버 운영 | C29: 장애 대응 로그 분석 시 AI 활용, 모니터링 리포트 초안 생성 | D29: 중 | E29: 장애 분석 시간 단축, 리포트 품질 향상
A30: 6 | B30: 마케팅/데이터 | C30: GA4 데이터 분석 시 AI 활용, VOC 키워드 자동 분류 | D30: 중 | E30: 데이터 분석 효율화, 인사이트 도출 속도 향상
A31: 7 | B31: MM 관리·보고 | C31: AI 활용 MM 집계/분석 자동화, 월간 리포트 초안 생성 | D31: 상 | E31: 관리 업무 효율화, 데이터 기반 의사결정 지원
A34: [D] 월별 AI 활용 추이 (8차년도)
A35: 항목 | B35: 25.11월 | C35: 25.12월 | D35: 26.01월 | E35: 26.02월 | F35: 26.03월 | G35: 26.04월 | H35: 26.05월 | I35: 추이
A36: 전체 건수 | B36: 237 | C36: 211 | D36: 227 | E36: 208 | F36: 233 | G36: 234 | H36: 262 | I36: →
A37: AI활용 건수 (상+중) | B37: 95 | C37: 98 | D37: 112 | E37: 118 | F37: 135 | G37: 142 | H37: 163 | I37: ↑
A38: AI 활용율 | B38: 40.1% | C38: 46.4% | D38: 49.3% | E38: 56.7% | F38: 57.9% | G38: 60.7% | H38: 62.2% | I38: ↑↑
A39: 상(적극활용) | B39: 15.2% | C39: 18.0% | D39: 22.0% | E39: 25.0% | F39: 27.0% | G39: 29.0% | H39: 30.5% | I39: ↑
A42: [E] AI 활용 개선 방향
A43: ✅ 현재 성과 | B43: 전체 업무의 62.2%에서 AI 활용 중 (전월 대비 +1.5%p 증가), 개발 영역 중심으로 적극 활용 정착
A44: ✅ 강점 영역 | B44: 앱 개발(AOS/iOS) 및 QA 영역에서 AI 활용 수준 "우수" 달성 → Copilot 코드 생성·테스트 자동화 중심
A45: 📌 개선 필요 | B45: 디자이너·PM 영역 AI 활용 "개선필요" → 디자인 AI 도구 도입 검토, PM 보고 자동화 확대 필요
A46: 📌 확대 방향 | B46: 서버 운영 영역 자동화 강화 (장애 예측, 리포트 자동 생성), 기획 영역 AI 활용 고도화 (PRD 자동 생성 등)
A47: 🎯 목표 | B47: 8차년도 종료 시점(26.10월) AI 활용율 75% 이상, 전 역할군 "양호" 이상 달성

Sheet 26년05월
A1: 월 | B1: 구분 | C1: 중점추진과제 | D1: 상세추진과제 | E1: 상세 추진 내용 | F1: CSR ID | G1: 완료일시 | H1: 투입M/D | I1: 투입M/M | J1: 처리자 | K1: 비고
A2: 4월 | B2: 기능 고도화 | C2: PASS기능개발 | D2: 서비스 개발 | E2: 모바일신분증 디자인 개편, 반려동물 신분증 서비스 추가, 병원QR제시형 추가, AOS 14 대응 등 AOS 기능 개발검토 | F2: =VLOOKUP(D2,CSR!$D$4:$E$1180,2,FALSE) -> CSR_11300 | G2: 46136 | H2: 2 | I2: =H2*10/190 -> 0.10526316 | J2: Android개발자1
A3: 4월 | B3: 기능 고도화 | C3: PASS기능개발 | D3: 서비스 개발 | E3: 명의도용방지 가입자정보 조회 KAIT 미응답 Alert 에러코드 누락과 비밀번호 변경 화면 미이동 이슈 수정 등 AOS 보완 개발 | F3: =VLOOKUP(D3,CSR!$D$4:$E$1180,2,FALSE) -> CSR_11300 | G3: 46136 | H3: 2 | I3: =H3*10/190 -> 0.10526316 | J3: Android개발자1
A4: 5월 | B4: 기능 고도화 | C4: PASS기능개발 | D4: 서비스 개발 | E4: PASS Android API 응답 모니터링 앱 요구사항 초안, AOS 운영 이슈 정리, 다음 차수 반영 범위 검토 등 AOS 기능 개발검토 | F4: =VLOOKUP(D4,CSR!$D$4:$E$1180,2,FALSE) -> CSR_11300 | G4: 46143 | H4: 2 | I4: =H4*10/190 -> 0.10526316 | J4: Android개발자1
A5: 5월 | B5: 서비스 품질관리 | C5: 서비스 운영 | D5: LGU+ 요청사항 대응 및 운영 | E5: 운영 이슈 확인과 서비스 연계 화면 점검, 민원 대응 항목 정리 등 운영 지원 | F5: =VLOOKUP(D5,CSR!$D$4:$E$1180,2,FALSE) -> CSR_30200 | G5: 46143 | H5: 2 | I5: =H5*10/190 -> 0.10526316 | J5: Android개발자1
A6: 5월 | B6: 서비스 품질관리 | C6: 서비스 운영 | D6: LGU+ 요청사항 대응 및 운영 | E6: 방통위 증적 자료 준비, PASS 앱 운영 확인 항목 정리, 모바일운전면허 요청 대응 연계 검토 등 운영 지원 | F6: =VLOOKUP(D6,CSR!$D$4:$E$1180,2,FALSE) -> CSR_30200 | G6: 46150 | H6: 2 | I6: =H6*10/190 -> 0.10526316 | J6: Android개발자1
A7: 5월 | B7: 서비스 품질관리 | C7: 서비스 운영 | D7: LGU+ 요청사항 대응 및 운영 | E7: 서비스 연계 화면 점검과 모의해킹 취약점 대응 연계 확인 등 AOS 운영 지원 | F7: =VLOOKUP(D7,CSR!$D$4:$E$1180,2,FALSE) -> CSR_30200 | G7: 46150 | H7: 2 | I7: =H7*10/190 -> 0.10526316 | J7: Android개발자1
A8: 5월 | B8: 기능 고도화 | C8: PASS기능개발 | D8: 서비스 개발 | E8: PASS 앱 운영 확인 항목 정리, 클라이언트 반영 문서 점검, 연계 화면 흐름 확인 등 AOS 기능 개발검토 | F8: =VLOOKUP(D8,CSR!$D$4:$E$1180,2,FALSE) -> CSR_11300 | G8: 46157 | H8: 2 | I8: =H8*10/190 -> 0.10526316 | J8: Android개발자1
A9: 5월 | B9: 서비스 품질관리 | C9: 서비스 운영 | D9: LGU+ 요청사항 대응 및 운영 | E9: 운영 이슈 확인과 모바일운전면허 요청 대응 연계 정리, 서비스 화면 점검 등 운영 지원 | F9: =VLOOKUP(D9,CSR!$D$4:$E$1180,2,FALSE) -> CSR_30200 | G9: 46157 | H9: 2 | I9: =H9*10/190 -> 0.10526316 | J9: Android개발자1
A10: 5월 | B10: 기능 고도화 | C10: PASS기능개발 | D10: ㄴ26년 6월 앱 배포 검수 | E10: AOS 운영 이슈 확인, 서비스 연계 화면 점검, 민원 대응 항목 정리 등 AOS 기능 개발검토 | F10: =VLOOKUP(D10,CSR!$D$4:$E$1180,2,FALSE) -> CSR_11416 | G10: 46162 | H10: 2 | I10: =H10*10/190 -> 0.10526316 | J10: Android개발자1
A11: 5월 | B11: 서비스 품질관리 | C11: 서비스 운영 | D11: LGU+ 요청사항 대응 및 운영 | E11: 운영 이슈 후속 정리와 모바일신분증 연계 확인, 서비스 화면 점검 등 운영 지원 | F11: =VLOOKUP(D11,CSR!$D$4:$E$1180,2,FALSE) -> CSR_30200 | G11: 46162 | H11: 1 | I11: =H11*10/190 -> 0.052631579 | J11: Android개발자1
A12: 4월 | B12: 신규사업 개발 | C12: 신규서비스개발 | D12: ㄴPASS안심클라우드 | E12: PASS클라우드 추가, MY개편 고도화, PASS 부가서비스 재동의 프로세스 수정, 서비스영역 문의하기 인앱브라우저 연동 등 AOS 기능 개발검토 | F12: =VLOOKUP(D12,CSR!$D$4:$E$1180,2,FALSE) -> CSR_41103 | G12: 46136 | H12: 2 | I12: =H12*10/190 -> 0.10526316 | J12: Android개발자2
A13: 4월 | B13: 기능 고도화 | C13: PASS기능개발 | D13: ㄴ외부플랫폼 진입 시 브릿지 페이지 | E13: 외부플랫폼 브릿지와 MY개편 연계 항목 보완, 기능 적용 후 화면 확인까지 포함한 AOS 보완 개발 | F13: =VLOOKUP(D13,CSR!$D$4:$E$1180,2,FALSE) -> CSR_11314 | G13: 46136 | H13: 2 | I13: =H13*10/190 -> 0.10526316 | J13: Android개발자2
... A94: 5월 | B94: 기능 고도화 | C94: PASS기능개발 | D94: ㄴ26년 6월 앱 배포 검수 | E94: 이벤트·광고 알림 토글 미동작과 QR 스캔 후 인증내역 미적재 이슈 수정, 내부 검증 병행 iOS 기능 정비 | F94: =VLOOKUP(D94,CSR!$D$4:$E$1180,2,FALSE) -> CSR_11416 | G94: 46162 | H94: 1 | I94: =H94*10/190 -> 0.052631579 | J94: iOS개발자4
A95: 4월 | B95: 기능 고도화 | C95: PASS기능개발 | D95: ㄴ26년 6월 앱 배포 검수 | E95: 6월 앱 DVT 설계 - 개편 항목 테스트 케이스 설계 , 테스트 데이터 준비, 테스트 환경 설정 | F95: =VLOOKUP(D95,CSR!$D$4:$E$1180,2,FALSE) -> CSR_11416 | G95: 4월 24일 | H95: 3 | I95: =H95*10/190 -> 0.15789474 | J95: QA1
A96: 4월 | B96: 기능 고도화 | C96: PASS기능개발 | D96: ㄴ26년 6월 앱 배포 검수 | E96: 6월 앱 DVT 수행 - 인앱 브라우저, MY 고도화, 오늘의게임, 신분증 가맹점 표기 정책 개선, 계좌인증 금융기관 선택화면 UIUX 개선 | F96: =VLOOKUP(D96,CSR!$D$4:$E$1180,2,FALSE) -> CSR_11416 | G96: 4월 30일 | H96: 4 | I96: =H96*10/190 -> 0.21052632 | J96: QA1
A97: 5월 | B97: 기능 고도화 | C97: PASS기능개발 | D97: ㄴ26년 6월 앱 배포 검수 | E97: 6월 앱 DVT 수행 - MY 고도화, PASS주소록 고도화, PASS안심클라우드, MIS 선택 업데이트 기능, 외부플랫폼 브릿지 페이지 | F97: =VLOOKUP(D97,CSR!$D$4:$E$1180,2,FALSE) -> CSR_11416 | G97: 5월 8일 | H97: 4 | I97: =H97*10/190 -> 0.21052632 | J97: QA1
A98: 5월 | B98: 기능 고도화 | C98: PASS기능개발 | D98: ㄴ26년 6월 앱 배포 검수 | E98: 6월 앱 DVT 수행 - MY 고도화, PASS주소록 고도화, PASS안심클라우드, 유무료 서비스 동의화면 개선 | F98: =VLOOKUP(D98,CSR!$D$4:$E$1180,2,FALSE) -> CSR_11416 | G98: 5월 14일 | H98: 4 | I98: =H98*10/190 -> 0.21052632 | J98: QA1
A99: 5월 | B99: 기능 고도화 | C99: PASS기능개발 | D99: ㄴ26년 6월 앱 배포 검수 | E99: 6월 앱 DVT 수행 - PASS주소록 고도화, PASS안심클라우드, 업데이트 후 서비스 진입 개선 | F99: =VLOOKUP(D99,CSR!$D$4:$E$1180,2,FALSE) -> CSR_11416 | G99: 5월 18일 | H99: 2 | I99: =H99*10/190 -> 0.10526316 | J99: QA1
A100: 5월 | B100: 기능 고도화 | C100: PASS기능개발 | D100: ㄴ26년 6월 앱 배포 검수 | E100: 6월 앱 DVT 후속 점검 - CP 이슈 수정 확인, 산출물 점검, 개편 기능 재검토 | F100: =VLOOKUP(D100,CSR!$D$4:$E$1180,2,FALSE) -> CSR_11416 | G100: 5월 20일 | H100: 2 | I100: =H100*10/190 -> 0.10526316 | J100: QA1
A101: 4월 | B101: 기능 고도화 | C101: PASS기능개발 | D101: ㄴ26년 6월 앱 배포 검수 | E101: 26년 6월 개편 앱 앱 DVT 대응 - 6월 개편 앱 설계 | F101: =VLOOKUP(D101,CSR!$D$4:$E$1180,2,FALSE) -> CSR_11416 | G101: 4월 24일 | H101: 3 | I101: =H101*10/190 -> 0.15789474 | J101: QA2
A102: 4월 | B102: 기능 고도화 | C102: PASS기능개발 | D102: ㄴ26년 6월 앱 배포 검수 | E102: 26년 6월 개편 앱 앱 DVT 대응 - DVT 수행 | F102: =VLOOKUP(D102,CSR!$D$4:$E$1180,2,FALSE) -> CSR_11416 | G102: 4월 30일 | H102: 4 | I102: =H102*10/190 -> 0.21052632 | J102: QA2
A103: 5월 | B103: 기능 고도화 | C103: PASS기능개발 | D103: ㄴ26년 6월 앱 배포 검수 | E103: 26년 6월 개편 앱 앱 DVT 대응 - DVT 수행 | F103: =VLOOKUP(D103,CSR!$D$4:$E$1180,2,FALSE) -> CSR_11416 | G103: 5월 8일 | H103: 4 | I103: =H103*10/190 -> 0.21052632 | J103: QA2
A104: 5월 | B104: 기능 고도화 | C104: PASS기능개발 | D104: ㄴ26년 6월 앱 배포 검수 | E104: 26년 6월 개편 앱 앱 DVT 대응 - DVT 수행 | F104: =VLOOKUP(D104,CSR!$D$4:$E$1180,2,FALSE) -> CSR_11416 | G104: 5월 14일 | H104: 4 | I104: =H104*10/190 -> 0.21052632 | J104: QA2
A105: 5월 | B105: 기능 고도화 | C105: PASS기능개발 | D105: ㄴ26년 6월 앱 배포 검수 | E105: 26년 6월 개편 앱 앱 DVT 대응 - DVT 수행 | F105: =VLOOKUP(D105,CSR!$D$4:$E$1180,2,FALSE) -> CSR_11416 | G105: 5월 18일 | H105: 2 | I105: =H105*10/190 -> 0.10526316 | J105: QA2
A106: 5월 | B106: 기능 고도화 | C106: PASS기능개발 | D106: ㄴ26년 6월 앱 배포 검수 | E106: 26년 6월 개편 앱 앱 DVT 대응 - CP 이슈 등록 및 수정 확인, 개편 기능 크로스체크 | F106: =VLOOKUP(D106,CSR!$D$4:$E$1180,2,FALSE) -> CSR_11416 | G106: 5월 20일 | H106: 2 | I106: =H106*10/190 -> 0.10526316 | J106: QA2
A107: 4월 | B107: 서비스 품질관리 | C107: 서비스 운영 | D107: 업무보고 및 협의 | E107: PASS전략파트너 개발 관련 업무보고 및 협의 - 내부/외부 회의 및 협의 | F107: =VLOOKUP(D107,CSR!$D$4:$E$1180,2,FALSE) -> CSR_30600 | G107: 46136 | H107: 4 | I107: =H107*10/190 -> 0.21052632 | J107: 개발PM
A108: 5월 | B108: 서비스 품질관리 | C108: 서비스 운영 | D108: 업무보고 및 협의 | E108: PASS전략파트너 개발 관련 업무보고 및 협의 - 내부/외부 회의 및 협의 | F108: =VLOOKUP(D108,CSR!$D$4:$E$1180,2,FALSE) -> CSR_30600 | G108: 46143 | H108: 4 | I108: =H108*10/190 -> 0.21052632 | J108: 개발PM
A109: 5월 | B109: 서비스 품질관리 | C109: 서비스 운영 | D109: 업무보고 및 협의 | E109: PASS전략파트너 개발 관련 업무보고 및 협의 - 내부/외부 회의 및 협의 | F109: =VLOOKUP(D109,CSR!$D$4:$E$1180,2,FALSE) -> CSR_30600 | G109: 46150 | H109: 4 | I109: =H109*10/190 -> 0.21052632 | J109: 개발PM
A110: 5월 | B110: 서비스 품질관리 | C110: 서비스 운영 | D110: 업무보고 및 협의 | E110: PASS전략파트너 개발 관련 업무보고 및 협의 - 내부/외부 회의 및 협의 | F110: =VLOOKUP(D110,CSR!$D$4:$E$1180,2,FALSE) -> CSR_30600 | G110: 46157 | H110: 4 | I110: =H110*10/190 -> 0.21052632 | J110: 개발PM
A111: 5월 | B111: 서비스 품질관리 | C111: 서비스 운영 | D111: 업무보고 및 협의 | E111: PASS전략파트너 개발 관련 업무보고 및 협의 - 내부/외부 회의 및 협의 | F111: =VLOOKUP(D111,CSR!$D$4:$E$1180,2,FALSE) -> CSR_30600 | G111: 46162 | H111: 3 | I111: =H111*10/190 -> 0.15789474 | J111: 개발PM
A112: 4월 | B112: 서비스 품질관리 | C112: 서비스 운영 | D112: 업무보고 및 협의 | E112: PASS전략파트너 개발 관련 업무보고 및 협의 - 내부/외부 회의 및 협의 | F112: =VLOOKUP(D112,CSR!$D$4:$E$1180,2,FALSE) -> CSR_30600 | G112: 46136 | H112: 3 | I112: =H112*10/190 -> 0.15789474 | J112: 기획PM
A113: 4월 | B113: 서비스 품질관리 | C113: 서비스 운영 | D113: 업무보고 및 협의 | E113: PASS전략파트너 개발 관련 업무보고 및 협의 - 내부/외부 회의 및 협의 | F113: =VLOOKUP(D113,CSR!$D$4:$E$1180,2,FALSE) -> CSR_30600 | G113: 46142 | H113: 3 | I113: =H113*10/190 -> 0.15789474 | J113: 기획PM
A114: 5월 | B114: 서비스 품질관리 | C114: 서비스 운영 | D114: 업무보고 및 협의 | E114: PASS전략파트너 개발 관련 업무보고 및 협의 - 내부/외부 회의 및 협의 | F114: =VLOOKUP(D114,CSR!$D$4:$E$1180,2,FALSE) -> CSR_30600 | G114: 46150 | H114: 3 | I114: =H114*10/190 -> 0.15789474 | J114: 기획PM
A115: 5월 | B115: 신규사업 개발 | C115: 신규서비스 개발 | D115: ㄴ스마트청구서 개발 | E115: 스마트청구서 세부 기획 | F115: =VLOOKUP(D115,CSR!$D$4:$E$1180,2,FALSE) -> CSR_41201 | G115: 46162 | H115: 2 | I115: =H115*10/190 -> 0.10526316 | J115: 기획PM
A116: 5월 | B116: 서비스 품질관리 | C116: 서비스 운영 | D116: 업무보고 및 협의 | E116: PASS전략파트너 개발 관련 업무보고 및 협의 - 내부/외부 회의 및 협의 | F116: =VLOOKUP(D116,CSR!$D$4:$E$1180,2,FALSE) -> CSR_30600 | G116: 46157 | H116: 3 | I116: =H116*10/190 -> 0.15789474 | J116: 기획PM
A117: 5월 | B117: 기능고도화 | C117: PASS기능개발 | D117: PASS UI/UX 개선 | E117: PASS UI/UX 협의를 위한 리스트 작성 | F117: =VLOOKUP(D117,CSR!$D$4:$E$1180,2,FALSE) -> CSR_11500 | G117: 46156 | H117: 2 | I117: =H117*10/190 -> 0.10526316 | J117: 기획PM
A118: 5월 | B118: 신규사업 개발 | C118: 신규서비스 개발 | D118: ㄴB2C PASS 보안서비스 | E118: PASS앱 내 보안서비스 추가를 위한 사전 기획 작업 | F118: =VLOOKUP(D118,CSR!$D$4:$E$1180,2,FALSE) -> CSR_41202 | G118: 46157 | H118: 3 | I118: =H118*10/190 -> 0.15789474 | J118: 기획PM
... A149: 5월 | B149: 서비스 품질관리 | C149: 서비스 운영 | D149: CP 파트너십 관리 (PASS 앱 기획, 디자인, 개발 가이드) | E149: 오피스도우미 SDK 업데이트 - 검수앱 테스트 | F149: =VLOOKUP(D149,CSR!$D$4:$E$1180,2,FALSE) -> CSR_30000 | G149: 46150 | H149: 0.5 | I149: =H149*10/190 -> 0.026315789 | J149: 기획자3
A150: 5월 | B150: 마케팅 | C150: 마케팅 관련 고도화 및 지원 | D150: GA4 컨텐츠 그룹핑 반영 및 운영 지원 | E150: 26년 6월 업데이트용 GA4태깅 문서 작성 - 태깅 검수 및 수정 팔요 사항 전달 | F150: =VLOOKUP(D150,CSR!$D$4:$E$1180,2,FALSE) -> CSR_20400 | G150: 46154 | H150: 1.5 | I150: 0.052631579 | J150: 기획자3
A151: 5월 | B151: 서비스 품질관리 | C151: 서비스 운영 | D151: LGU+ 요청사항 대응 및 운영 | E151: 4월 PASS PV 및 체류시간 데이터 취합 (5/13) - CP사 데이터 취합 및 유플러스 전달 - PUSH 데이터 추가 전달 요청 및 취합 | F151: =VLOOKUP(D151,CSR!$D$4:$E$1180,2,FALSE) -> CSR_30200 | G151: 46155 | H151: 1 | I151: =H151*10/190 -> 0.052631579 | J151: 기획자3
A152: 5월 | B152: 마케팅 | C152: PASS활성화 이벤트 | D152: (상시) PASS앱 이벤트 실행·효과분석 | E152: 4월 PASS 서비스 품질지표 작성 (5/13) - GA 지표 작성 및 보고 | F152: =VLOOKUP(D152,CSR!$D$4:$E$1180,2,FALSE) -> CSR_20000 | G152: 46155 | H152: 1.5 | I152: =H152*10/190 -> 0.078947368 | J152: 기획자3
A153: 5월 | B153: 마케팅 | C153: PASS활성화 이벤트 | D153: (상시) PASS앱 이벤트 실행·효과분석 | E153: 4월 PASS 마케팅 및 PUSH 지표 작성 (5/13) - PUSH 지표 작성 및 현황 보고 | F153: =VLOOKUP(D153,CSR!$D$4:$E$1180,2,FALSE) -> CSR_20000 | G153: 46155 | H153: 1.5 | I153: =H153*10/190 -> 0.078947368 | J153: 기획자3
A154: 5월 | B154: 서비스 품질관리 | C154: 서비스 운영 | D154: LGU+ 요청사항 대응 및 운영 | E154: 서비스 무료 가입자 지표 공유 (5/14) - 4월 무료서비스 가입자 현황 | F154: =VLOOKUP(D154,CSR!$D$4:$E$1180,2,FALSE) -> CSR_30200 | G154: 46156 | H154: 0.5 | I154: =H154*10/190 -> 0.026315789 | J154: 기획자3
A155: 5월 | B155: 서비스 품질관리 | C155: 서비스 운영 | D155: 고객센터 (1:1문의, FAQ, 홈페이지) 관련 대응 및 운영 | E155: 26년 6월 홈페이지 현행화 - 모바일신분증→PASS신분증 명칭 변경 관련 텍스트/이미지 수정 요청 - 개발 서버 홈페이지 검수 | F155: =VLOOKUP(D155,CSR!$D$4:$E$1180,2,FALSE) -> CSR_30400 | G155: 46157 | H155: 0.5 | I155: =H155*10/190 -> 0.026315789 | J155: 기획자3
A156: 5월 | B156: 마케팅 | C156: 마케팅 관련 고도화 및 지원 | D156: PUSH시스템 고도화 및 운영 지원 | E156: 5월 마케팅 PUSH 발송 - CP사 일정 취합 - 발송 규격 세팅 - 일별 발송 | F156: =VLOOKUP(D156,CSR!$D$4:$E$1180,2,FALSE) -> CSR_20300 | G156: 46162 | H156: 1.5 | I156: =H156*10/190 -> 0.078947368 | J156: 기획자3
A157: 5월 | B157: 마케팅 | C157: PASS활성화 이벤트 | D157: (기타) 부가서비스 이벤트 지원 | E157: 웹툰 이벤트 운영 지원 (5/4) - 5월 출석체크 이벤트 관련 검수 배너 세팅 및 테스트 - 상용 배너 오픈 및 홍보 PUSH 발송 | F157: =VLOOKUP(D157,CSR!$D$4:$E$1180,2,FALSE) -> CSR_20100 | G157: 46162 | H157: 0.5 | I157: =H157*10/190 -> 0.026315789 | J157: 기획자3
A158: 5월 | B158: 마케팅 | C158: PASS활성화 이벤트 | D158: (기타) 부가서비스 이벤트 지원 | E158: 셀로 프로모션 운영 지원 (5/1) - 상용 배너 오픈 - 셀로 타겟 대상 홍보 PUSH 발송 | F158: =VLOOKUP(D158,CSR!$D$4:$E$1180,2,FALSE) -> CSR_20100 | G158: 46162 | H158: 0.5 | I158: =H158*10/190 -> 0.026315789 | J158: 기획자3
A159: 5월 | B159: 서비스 품질관리 | C159: 서비스 운영 | D159: 금융광고 관리 (PASS 앱 기획, 디자인, 개발 가이드) | E159: 오버테이크 요청사항 대응 - 광고주 팝업 및 인증완료 배너 운영 지원 및 지표 공유 - 대출비교 5월 프로모션, 머니적립 5월 배너 운영 지원 - 여행 서비스 제휴 광고 운영 지원 - 통신위성 발사하기 프로모션 배너 BG 협의 | F159: =VLOOKUP(D159,CSR!$D$4:$E$1180,2,FALSE) -> CSR_30100 | G159: 46162 | H159: 0.5 | I159: =H159*10/190 -> 0.026315789 | J159: 기획자3
A160: 5월 | B160: 기능 고도화 | C160: PASS기능개발 | D160: PASS 공통 화면 개선 (모달형태 약관 화면 적용, 알림팝업 적용 등) | E160: 유/무료 서비스 동의화면 개선(잔여) - CP 검수 무료 인트로 화면 테스트 및 수정 요청 - 주소록, 명의도용방지 무료 인트로 검수 테스트 - 상용 반영 요청 | F160: =VLOOKUP(D160,CSR!$D$4:$E$1180,2,FALSE) -> CSR_11100 | G160: 46162 | H160: 1.5 | I160: =H160*10/190 -> 0.078947368 | J160: 기획자3
A161: 5월 | B161: 서비스 품질관리 | C161: 서비스 운영 | D161: 금융광고 관리 (PASS 앱 기획, 디자인, 개발 가이드) | E161: 구글 애드몹 광고 형식 추가 - 개발 및 CP 문의 대응 - 검수앱 테스트 | F161: =VLOOKUP(D161,CSR!$D$4:$E$1180,2,FALSE) -> CSR_30100 | G161: 46162 | H161: 0.5 | I161: =H161*10/190 -> 0.026315789 | J161: 기획자3
A162: 5월 | B162: 마케팅 | C162: 마케팅 관련 고도화 및 지원 | D162: PASS머니 고도화 및 운영 지원 | E162: PASS머니 페이백쇼핑 이벤트 운영 지원 - 주별 홍보 PUSH 발송 - 상용/검수 딥링크 요청 관련 대응 | F162: =VLOOKUP(D162,CSR!$D$4:$E$1180,2,FALSE) -> CSR_20200 | G162: 46162 | H162: 1 | I162: =H162*10/190 -> 0.052631579 | J162: 기획자3
... A170: 4월 | B170: 기능고도화 | C170: PASS기능개발 | D170: ㄴ외부플랫폼 진입 시 브릿지 페이지 | E170: 외부 플랫폼 진입 시 브릿지 페이지 기획안 작성 및 테스트 지원 | F170: =VLOOKUP(D170,CSR!$D$4:$E$1180,2,FALSE) -> CSR_11314 | G170: 46141 | H170: 3 | I170: =H170*10/190 -> 0.15789474 | J170: 기획자4
A171: 5월 | B171: 기능고도화 | C171: PASS기능개발 | D171: ㄴ유료가입 페이지 바텀시트 처리 | E171: 유료가입 페이지, 전체 페이지에서 바텀시트로 변경을 위한 기획안 작성 | F171: =VLOOKUP(D171,CSR!$D$4:$E$1180,2,FALSE) -> CSR_11316 | G171: 5월 14일 | H171: 5 | I171: =H171*10/190 -> 0.26315789 | J171: 기획자4
A172: 4월 | B172: 기능고도화 | C172: PASS기능개발 | D172: ㄴ외부플랫폼 진입 시 브릿지 페이지 | E172: 외부 플랫폼 진입 시 브릿지 페이지 테스트 지원 및 CP사 오류 확인 요청 | F172: =VLOOKUP(D172,CSR!$D$4:$E$1180,2,FALSE) -> CSR_11314 | G172: 5월 7일 | H172: 3 | I172: =H172*10/190 -> 0.15789474 | J172: 기획자4
A173: 5월 | B173: 서비스 품질관리 | C173: 서비스 운영 | D173: CP 파트너십 관리 (PASS 앱 기획, 디자인, 개발 가이드) | E173: 휴대폰 안심 CP작업에 따른 메뉴 미노출(4/28)/노출(4/29)처리 | F173: =VLOOKUP(D173,CSR!$D$4:$E$1180,2,FALSE) -> CSR_30000 | G173: 46162 | H173: 1 | I173: =H173*10/190 -> 0.052631579 | J173: 기획자4
A174: 5월 | B174: 서비스 품질관리 | C174: 서비스 운영 | D174: CP 파트너십 관리 (PASS 앱 기획, 디자인, 개발 가이드) | E174: 쿠폰팩, 금융사기방지CP작업에 따른 메뉴 미노출(5/19)/노출(5/20)처리 | F174: =VLOOKUP(D174,CSR!$D$4:$E$1180,2,FALSE) -> CSR_30000 | G174: 46141 | H174: 1 | I174: =H174*10/190 -> 0.052631579 | J174: 기획자4
A175: 5월 | B175: 서비스 품질관리 | C175: 서비스 운영 | D175: CP 파트너십 관리 (PASS 앱 기획, 디자인, 개발 가이드) | E175: 스탁, 서비스 명칭 변경에 따른 지원 - 명칭 변경 및 약관 6개 변경 진행 | F175: =VLOOKUP(D175,CSR!$D$4:$E$1180,2,FALSE) -> CSR_30000 | G175: 5월 18일 | H175: 3 | I175: =H175*10/190 -> 0.15789474 | J175: 기획자4
A176: 5월 | B176: 신규사업 개발 | C176: 신규서비스 개발 | D176: ㄴB2C PASS 보안서비스 | E176: PASS앱 내 보안서비스 추가를 위한 유사 서비스 벤치마킹 | F176: =VLOOKUP(D176,CSR!$D$4:$E$1180,2,FALSE) -> CSR_41202 | G176: 46161 | H176: 3 | I176: =H176*10/190 -> 0.15789474 | J176: 기획자4
A177: 4월 | B177: 기능 고도화 | C177: PASS기능개발 | D177: ㄴ외부플랫폼 진입 시 브릿지 페이지 | E177: 외부플랫폼 브릿지 페이지 시안 수정 | F177: =VLOOKUP(D177,CSR!$D$4:$E$1180,2,FALSE) -> CSR_11314 | G177: 4월 28일 | H177: 2 | I177: =H177*10/190 -> 0.10526316 | J177: 디자이너1
A178: 4월 | B178: 신규사업 개발 | C178: 신규서비스개발 | D178: ㄴ오늘의 게임 | E178: 오늘의게임 썸네일 디자인 및 정렬 수정 | F178: =VLOOKUP(D178,CSR!$D$4:$E$1180,2,FALSE) -> CSR_41104 | G178: 4월 24일 | H178: 2 | I178: =H178*10/190 -> 0.10526316 | J178: 디자이너1
A179: 4월 | B179: 기능 고도화 | C179: PASS기능개발 | D179: PASS MY 화면 고도화 | E179: 지금 내폰시세, 디자인 가이드 추가 | F179: =VLOOKUP(D179,CSR!$D$4:$E$1180,2,FALSE) -> CSR_10400 | G179: 4월 27일 | H179: 1 | I179: =H179*10/190 -> 0.052631579 | J179: 디자이너1
A180: 5월 | B180: 기능 고도화 | C180: PASS기능개발 | D180: PASS MY 화면 고도화 | E180: MY 디자인 가이드 수정 - 활동/인증 영역 - 문의하기 팝업 | F180: =VLOOKUP(D180,CSR!$D$4:$E$1180,2,FALSE) -> CSR_10400 | G180: 5월 7일 | H180: 4 | I180: =H180*10/190 -> 0.21052632 | J180: 디자이너1
A181: 5월 | B181: 마케팅 | C181: PASS활성화 이벤트 | D181: ㄴ26년 전국동시지방선거 홍보 | E181: 26년 전국동시지방선거 홍보 - 홍보 페이지 디자인 | F181: =VLOOKUP(D181,CSR!$D$4:$E$1180,2,FALSE) -> CSR_20008 | G181: 5월 13일 | H181: 4 | I181: =H181*10/190 -> 0.21052632 | J181: 디자이너1
A182: 5월 | B182: 서비스 품질관리 | C182: 서비스 운영 | D182: 고객센터 (1:1문의, FAQ, 홈페이지) 관련 대응 및 운영 | E182: 26년 6월 홈페이지 현행화 - 모바일신분증→PASS신분증 명칭 변경 관련 텍스트/이미지 수정 | F182: =VLOOKUP(D182,CSR!$D$4:$E$1180,2,FALSE) -> CSR_30400 | G182: 5월 12일 | H182: 2 | I182: =H182*10/190 -> 0.10526316 | J182: 디자이너1
A183: 5월 | B183: 기능 고도화 | C183: PASS기능개발 | D183: 서비스 개발 | E183: 인증내역 화면 개선에 따른 디자인 수정 및 추가 | F183: =VLOOKUP(D183,CSR!$D$4:$E$1180,2,FALSE) -> CSR_11300 | G183: 5월20일 | H183: 4 | I183: =H183*10/190 -> 0.21052632 | J183: 디자이너1
A184: 4월 | B184: 기능 고도화 | C184: PASS기능개발 | D184: ㄴ계좌인증 금융기관 선택 화면 현행화 | E184: 금융기관 선택 화면 현행화 - AOS fold 화면 가이드 제작 | F184: =VLOOKUP(D184,CSR!$D$4:$E$1180,2,FALSE) -> CSR_11303 | G184: 4월 22일 | H184: 1 | I184: =H184*10/190 -> 0.052631579 | J184: 디자이너2
A185: 4월 | B185: 기능 고도화 | C185: PASS기능개발 | D185: PASS MY 화면 고도화 | E185: MY AOS fold 화면 가이드 제작 | F185: =VLOOKUP(D185,CSR!$D$4:$E$1180,2,FALSE) -> CSR_10400 | G185: 4월 22일 | H185: 1 | I185: =H185*10/190 -> 0.052631579 | J185: 디자이너2
A186: 4월 | B186: 기능 고도화 | C186: PASS기능개발 | D186: PASS 주소록 기능 개발 | E186: 주소록 내 안심클라우드 적용 화면 현행화 및 화면 개선 | F186: =VLOOKUP(D186,CSR!$D$4:$E$1180,2,FALSE) -> CSR_10800 | G186: 4월 27일 | H186: 5 | I186: =H186*10/190 -> 0.26315789 | J186: 디자이너2
A187: 4월 | B187: 신규사업 개발 | C187: 인증플랫폼 | D187: PASS지갑 고도화 | E187: 알림 배너 리소스 개발 대응 | F187: =VLOOKUP(D187,CSR!$D$4:$E$1180,2,FALSE) -> CSR_40600 | G187: 4월 29일 | H187: 2 | I187: =H187*10/190 -> 0.10526316 | J187: 디자이너2
A188: 5월 | B188: 기능 고도화 | C188: PASS기능개발 | D188: PASS 공통 화면 개선 (모달형태 약관 화면 적용, 알림팝업 적용 등) | E188: 앱 접근권한 항목 추가 (아이콘/UI 수정 적용) | F188: =VLOOKUP(D188,CSR!$D$4:$E$1180,2,FALSE) -> CSR_11100 | G188: 5월 6일 | H188: 1 | I188: =H188*10/190 -> 0.052631579 | J188: 디자이너2
... A191: 5월 | B191: 기능 고도화 | C191: PASS기능개발 | D191: 서비스 개발 | E191: 휴대폰결제 내역 화면 개선에 따른 디자인 지원 | F191: =VLOOKUP(D191,CSR!$D$4:$E$1180,2,FALSE) -> CSR_11300 | G191: 5월20일 | H191: 5 | I191: =H191*10/190 -> 0.26315789 | J191: 디자이너2
A192: 5월 | B192: 서비스 품질관리 | C192: 서비스 운영 | D192: 업무보고 및 협의 | E192: PASS전략파트너 개발 관련 업무보고 및 협의 - 내부/외부 회의 및 협의 | F192: =VLOOKUP(D192,CSR!$D$4:$E$1180,2,FALSE) -> CSR_30600 | G192: 46162 | H192: 3 | I192: =H192*10/190 -> 0.15789474 | J192: 사업PM
A193: 4월 | B193: 신규사업 개발 | C193: 인증플랫폼 | D193: PASS지갑 고도화 | E193: 모바일지갑 가입자테이블 개인정보(CI) 컬럼 비활성화 적용 구조 검토와 다음 차수 기능 개발검토 | F193: =VLOOKUP(D193,CSR!$D$4:$E$1180,2,FALSE) -> CSR_40600 | G193: 46136 | H193: 2 | I193: =H193*10/190 -> 0.10526316 | J193: 서버개발자1
A194: 4월 | B194: 신규사업 개발 | C194: 인증플랫폼 | D194: 모바일신분증 고도화 (라인업 확대_시민증 관광증) | E194: 모바일신분증 인증 완료 화면 사이트명 처리 상이 이슈 분석 및 내부 검증 항목 정리 | F194: =VLOOKUP(D194,CSR!$D$4:$E$1180,2,FALSE) -> CSR_40300 | G194: 46136 | H194: 2 | I194: =H194*10/190 -> 0.10526316 | J194: 서버개발자1
A195: 5월 | B195: 신규사업 개발 | C195: 인증플랫폼 | D195: PASS지갑 고도화 | E195: 모바일지갑 가입자정보 비식별 처리 후속 반영과 운영 연계 항목 점검 등 모바일신분증 서버 기능 개발검토 | F195: =VLOOKUP(D195,CSR!$D$4:$E$1180,2,FALSE) -> CSR_40600 | G195: 46143 | H195: 2 | I195: =H195*10/190 -> 0.10526316 | J195: 서버개발자1
A196: 5월 | B196: 기능 고도화 | C196: PASS기능개발 | D196: 서비스 개발 | E196: 모바일신분증 인증 완료 화면 사이트명 처리 보완 개발 및 내부 검증 정리 | F196: =VLOOKUP(D196,CSR!$D$4:$E$1180,2,FALSE) -> CSR_11300 | G196: 46143 | H196: 2 | I196: =H196*10/190 -> 0.10526316 | J196: 서버개발자1
A197: 5월 | B197: 신규사업 개발 | C197: 인증플랫폼 | D197: PASS지갑 고도화 | E197: 모바일신분증 인증내역 노출 기준과 인증 결과 연계 구조 점검 등 모바일신분증 서버 기능 개발검토 | F197: =VLOOKUP(D197,CSR!$D$4:$E$1180,2,FALSE) -> CSR_40600 | G197: 46150 | H197: 2 | I197: =H197*10/190 -> 0.10526316 | J197: 서버개발자1
A198: 5월 | B198: 기능 고도화 | C198: PASS기능개발 | D198: ㄴ26년 6월 앱 배포 검수 | E198: 모바일신분증 인증 결과 연계 기능 보완 및 내부 검증 정리 | F198: =VLOOKUP(D198,CSR!$D$4:$E$1180,2,FALSE) -> CSR_11416 | G198: 46150 | H198: 2 | I198: =H198*10/190 -> 0.10526316 | J198: 서버개발자1
A199: 5월 | B199: 신규사업 개발 | C199: 인증플랫폼 | D199: PASS지갑 고도화 | E199: 안면인증 통계 연계 구조 검토와 모바일신분증 운영 요청 정리 등 모바일신분증 서버 기능 개발검토 | F199: =VLOOKUP(D199,CSR!$D$4:$E$1180,2,FALSE) -> CSR_40600 | G199: 46157 | H199: 2 | I199: =H199*10/190 -> 0.10526316 | J199: 서버개발자1
A200: 5월 | B200: 기능 고도화 | C200: PASS기능개발 | D200: ㄴ26년 6월 앱 배포 검수 | E200: 모바일신분증 인증 결과 연계 보완과 통계 반영 내부 검증 정리 | F200: =VLOOKUP(D200,CSR!$D$4:$E$1180,2,FALSE) -> CSR_11416 | G200: 46157 | H200: 2 | I200: =H200*10/190 -> 0.10526316 | J200: 서버개발자1
A201: 5월 | B201: 신규사업 개발 | C201: 인증플랫폼 | D201: PASS지갑 고도화 | E201: CPM 실패 호출 개선 연계 영향도와 암호화 필드 RP 조회 연동 구조 점검 등 모바일신분증 서버 기능 개발검토 | F201: =VLOOKUP(D201,CSR!$D$4:$E$1180,2,FALSE) -> CSR_40600 | G201: 46162 | H201: 2 | I201: =H201*10/190 -> 0.10526316 | J201: 서버개발자1
A202: 5월 | B202: 기능 고도화 | C202: PASS기능개발 | D202: ㄴ26년 6월 앱 배포 검수 | E202: 모바일신분증 인증 결과 연계 기능 보완과 후속 내부 검증 정리 | F202: =VLOOKUP(D202,CSR!$D$4:$E$1180,2,FALSE) -> CSR_11416 | G202: 46162 | H202: 1 | I202: =H202*10/190 -> 0.052631579 | J202: 서버개발자1
A203: 4월 | B203: 기능 고도화 | C203: PASS기능개발 | D203: 서비스 개발 | E203: 반려동물 신분증 서비스 추가, 전체 메뉴 개편 검토, 서버 연계 산출물 정리 등 서버 기능 개발검토 및 기획협의 | F203: =VLOOKUP(D203,CSR!$D$4:$E$1180,2,FALSE) -> CSR_11300 | G203: 46136 | H203: 2 | I203: =H203*10/190 -> 0.10526316 | J203: 서버개발자2
... A263: 4월 | B263: 마케팅 | C263: PASS활성화 이벤트 | D263: ㄴ주소록X더치트프리미엄 연계 이벤트 | E263: 주소록X더치트프리미엄 연계 프로모션 페이지 퍼블 | F263: =VLOOKUP(D263,CSR!$D$4:$E$1180,2,FALSE) -> CSR_20007 | G263: 46133 | H263: 2 | I263: =H263*10/190 -> 0.10526316 | J263: 퍼블리셔

Sheet 26년04월
A1: 월 | B1: 구분 | C1: 중점추진과제 | D1: 상세추진과제 | E1: 상세 추진 내용 | F1: CSR ID | G1: 완료일시 | H1: 투입M/D | I1: 투입M/M | J1: 처리자 | K1: 비고
A2: 3월 | B2: 기능 고도화 | C2: PASS기능개발 | D2: 서비스 개발 | E2: PASS주소록, 인앱브라우저, 오피스도우미 SDK 반영, 기능 구조 검토 등 AOS 주요 항목 개발검토 | F2: =VLOOKUP(D2,CSR!$D$4:$E$1180,2,FALSE) -> CSR_11300 | G2: 46108 | H2: 3 | I2: =H2*10/190 -> 0.15789474 | J2: Android개발자1
A3: 3월 | B3: 기능 고도화 | C3: PASS기능개발 | D3: ㄴ업데이트 후 서비스 진입 개선 | E3: 앱 업데이트 후 약관 재동의 팝업 노출과 웹뷰 히스토리 동작 이슈 보완 개발 | F3: =VLOOKUP(D3,CSR!$D$4:$E$1180,2,FALSE) -> CSR_11315 | G3: 46108 | H3: 2 | I3: =H3*10/190 -> 0.10526316 | J3: Android개발자1
A4: 4월 | B4: 기능 고도화 | C4: PASS기능개발 | D4: 서비스 개발 | E4: 외부플랫폼 브릿지 페이지 추가 검토, 계좌인증 은행 로고 변경 요청 반영, 화면 흐름 정리 등 AOS 기능 개발검토 | F4: =VLOOKUP(D4,CSR!$D$4:$E$1180,2,FALSE) -> CSR_11300 | G4: 46115 | H4: 3 | I4: =H4*10/190 -> 0.15789474 | J4: Android개발자1
A5: 4월 | B5: 서비스 품질관리 | C5: 서비스 운영 | D5: LGU+ 요청사항 대응 및 운영 | E5: bitbucket 계정 신청, iOS 운전면허 오류 팝업 이슈 공유, AOS 배터리 급방전 이슈 정리 등 운영 지원 | F5: =VLOOKUP(D5,CSR!$D$4:$E$1180,2,FALSE) -> CSR_30200 | G5: 46115 | H5: 2 | I5: =H5*10/190 -> 0.10526316 | J5: Android개발자1
A6: 4월 | B6: 기능 고도화 | C6: PASS기능개발 | D6: 서비스 개발 | E6: 외부플랫폼 브릿지 페이지 추가 검토, 계좌인증 은행 로고 변경 요청 반영, 연계 화면 흐름 정리 등 AOS 기능 개발검토 | F6: =VLOOKUP(D6,CSR!$D$4:$E$1180,2,FALSE) -> CSR_11300 | G6: 46122 | H6: 3 | I6: =H6*10/190 -> 0.15789474 | J6: Android개발자1
A7: 4월 | B7: 서비스 품질관리 | C7: 서비스 운영 | D7: LGU+ 요청사항 대응 및 운영 | E7: bitbucket 계정 신청, iOS 운전면허 오류 팝업 이슈 공유, AOS 배터리 급방전 이슈 정리 등 운영 지원 | F7: =VLOOKUP(D7,CSR!$D$4:$E$1180,2,FALSE) -> CSR_30200 | G7: 46122 | H7: 2 | I7: =H7*10/190 -> 0.10526316 | J7: Android개발자1
A8: 4월 | B8: 기능 고도화 | C8: PASS기능개발 | D8: 서비스 개발 | E8: 외부플랫폼 브릿지 페이지, 안드로이드 16 대응 SDK 확인, 화면 연계 흐름 검토 등 AOS 기능 개발검토 | F8: =VLOOKUP(D8,CSR!$D$4:$E$1180,2,FALSE) -> CSR_11300 | G8: 46132 | H8: 2 | I8: =H8*10/190 -> 0.10526316 | J8: Android개발자1
A9: 4월 | B9: 서비스 품질관리 | C9: 서비스 운영 | D9: LGU+ 요청사항 대응 및 운영 | E9: bitbucket 계정 전환 후속, AOS 운영 이슈 정리, 모바일운전면허 요청 대응 연계 확인 등 운영 지원 | F9: =VLOOKUP(D9,CSR!$D$4:$E$1180,2,FALSE) -> CSR_30200 | G9: 46132 | H9: 2 | I9: =H9*10/190 -> 0.10526316 | J9: Android개발자1
A10: 3월 | B10: 기능 고도화 | C10: PASS기능개발 | D10: 서비스 개발 | E10: PASS클라우드, 인앱브라우저, MY개편, 전자고지 열람율 개선 등 AOS 핵심 기능 검토 및 구조 설계 | F10: =VLOOKUP(D10,CSR!$D$4:$E$1180,2,FALSE) -> CSR_11300 | G10: 46108 | H10: 3 | I10: =H10*10/190 -> 0.15789474 | J10: Android개발자2
A11: 3월 | B11: 기능 고도화 | C11: PASS기능개발 | D11: PASS 주소록 기능 개발 | E11: 오피스도우미 SDK 업데이트 AOS 기능 선행 개발 | F11: =VLOOKUP(D11,CSR!$D$4:$E$1180,2,FALSE) -> CSR_10800 | G11: 46108 | H11: 2 | I11: =H11*10/190 -> 0.10526316 | J11: Android개발자2
A12: 4월 | B12: 기능 고도화 | C12: PASS기능개발 | D12: 서비스 개발 | E12: PASS클라우드, 오피스도우미 SDK 업데이트, 애드몹 광고 형식 추가 등 AOS 핵심 기능 검토 및 구조 설계 | F12: =VLOOKUP(D12,CSR!$D$4:$E$1180,2,FALSE) -> CSR_11300 | G12: 46115 | H12: 3 | I12: =H12*10/190 -> 0.15789474 | J12: Android개발자2
A13: 4월 | B13: 기능 고도화 | C13: PASS기능개발 | D13: 서비스 개발 | E13: 신분증 가맹점 표기 정책 개선 AOS 기능 선행 개발 | F13: =VLOOKUP(D13,CSR!$D$4:$E$1180,2,FALSE) -> CSR_11300 | G13: 46115 | H13: 2 | I13: =H13*10/190 -> 0.10526316 | J13: Android개발자2
... A73: 4월 | B73: 기능 고도화 | C73: PASS기능개발 | D73: ㄴ유·무료 서비스 동의화면 개선 | E73: 유·무료 서비스 동의화면 개선 iOS 기능 후속 보완 개발 | F73: =VLOOKUP(D73,CSR!$D$4:$E$1180,2,FALSE) -> CSR_11305 | G73: 46132 | H73: 2 | I73: =H73*10/190 -> 0.10526316 | J73: iOS개발자4
A74: 4월 | B74: 서비스 품질관리 | C74: 서비스 운영 | D74: VOC 처리, 대응 및 사용자 공지 | E74: CS문의 대응 | F74: =VLOOKUP(D74,CSR!$D$4:$E$1180,2,FALSE) -> CSR_30300 | G74: 4월 20일 | H74: 2 | I74: =H74*10/190 -> 0.10526316 | J74: CS1
A75: 4월 | B75: 서비스 품질관리 | C75: 서비스 운영 | D75: VOC 처리, 대응 및 사용자 공지 | E75: CS문의 대응 | F75: =VLOOKUP(D75,CSR!$D$4:$E$1180,2,FALSE) -> CSR_30300 | G75: 4월 20일 | H75: 2 | I75: =H75*10/190 -> 0.10526316 | J75: CS2
A76: 4월 | B76: 서비스 품질관리 | C76: 서비스 운영 | D76: VOC 처리, 대응 및 사용자 공지 | E76: CS문의 대응 | F76: =VLOOKUP(D76,CSR!$D$4:$E$1180,2,FALSE) -> CSR_30300 | G76: 4월 20일 | H76: 2 | I76: =H76*10/190 -> 0.10526316 | J76: CS3
A77: 3월 | B77: 기능 고도화 | C77: PASS기능개발 | D77: ㄴ26년 4월 앱 배포 검수 | E77: 4월 배포 건 DVT 검증 - 모바일지갑 IMEI 예외처리, iCloud 복원 시 재가입 프로세스 유도 등 배포 요건 및 전체 품질 검증 | F77: =VLOOKUP(D77,CSR!$D$4:$E$1180,2,FALSE) -> CSR_11412 | G77: 3월 26일 | H77: 4 | I77: =H77*10/190 -> 0.21052632 | J77: QA1
A78: 4월 | B78: 기능 고도화 | C78: PASS기능개발 | D78: ㄴ26년 4월 앱 배포 검수 | E78: 4월 배포 건 CVT 1차 검증 - 품질팀 공유 항목 정리, 검증 환경 설정 지원, 검증 서버 앱 모니터링 등 대응 | F78: =VLOOKUP(D78,CSR!$D$4:$E$1180,2,FALSE) -> CSR_11412 | G78: 4월 4일 | H78: 4 | I78: =H78*10/190 -> 0.21052632 | J78: QA1
A79: 4월 | B79: 기능 고도화 | C79: PASS기능개발 | D79: ㄴ26년 4월 앱 배포 검수 | E79: 4월 배포 건 CVT 2차 검증 - 품질팀 공유 항목 정리, 검증 환경 설정 지원, 상용 서버 앱 모니터링 등 대응 | F79: =VLOOKUP(D79,CSR!$D$4:$E$1180,2,FALSE) -> CSR_11412 | G79: 4월 9일 | H79: 3 | I79: =H79*10/190 -> 0.15789474 | J79: QA1
A80: 4월 | B80: 기능 고도화 | C80: PASS기능개발 | D80: ㄴ26년 4월 앱 배포 검수 | E80: 스토어 4월 앱 배포 모니터링 - 배포 버전 확인 및 앱 모니터링 | F80: =VLOOKUP(D80,CSR!$D$4:$E$1180,2,FALSE) -> CSR_11412 | G80: 4월 13일 | H80: 1 | I80: =H80*10/190 -> 0.052631579 | J80: QA1
A81: 4월 | B81: 기능 고도화 | C81: PASS기능개발 | D81: 서비스 품질개선 | E81: 6월 배포 건 테스트 설계 - PASS 주소록 기능 고도화, PASS클라우드 추가 등 배포 요건 테스트 환경 설계 | F81: =VLOOKUP(D81,CSR!$D$4:$E$1180,2,FALSE) -> CSR_11400 | G81: 4월 15일 | H81: 4 | I81: =H81*10/190 -> 0.21052632 | J81: QA1
A82: 4월 | B82: 기능 고도화 | C82: PASS기능개발 | D82: 서비스 품질개선 | E82: 6월 배포 건 테스트 설계 - 오늘의게임 부가서비스, 외부플랫폼 브릿지 등 배포 요건 테스트 환경 설계 | F82: =VLOOKUP(D82,CSR!$D$4:$E$1180,2,FALSE) -> CSR_11400 | G82: 46132 | H82: 3 | I82: =H82*10/190 -> 0.15789474 | J82: QA1
A83: 3월 | B83: 기능 고도화 | C83: PASS기능개발 | D83: ㄴ26년 4월 앱 배포 검수 | E83: 26년 4월 개편 앱 DVT 대응 - DVT 수행 | F83: =VLOOKUP(D83,CSR!$D$4:$E$1180,2,FALSE) -> CSR_11412 | G83: 3월 26일 | H83: 4 | I83: =H83*10/190 -> 0.21052632 | J83: QA2
A84: 4월 | B84: 기능 고도화 | C84: PASS기능개발 | D84: ㄴ26년 4월 앱 배포 검수 | E84: 26년 4월 개편 앱 CVT 1차 대응 - CVT 1차 검증 | F84: =VLOOKUP(D84,CSR!$D$4:$E$1180,2,FALSE) -> CSR_11412 | G84: 4월 3일 | H84: 4 | I84: =H84*10/190 -> 0.21052632 | J84: QA2
A85: 4월 | B85: 기능 고도화 | C85: PASS기능개발 | D85: ㄴ26년 4월 앱 배포 검수 | E85: 26년 4월 개편 앱 CVT 2차 대응 - CVT 2차 검증 | F85: =VLOOKUP(D85,CSR!$D$4:$E$1180,2,FALSE) -> CSR_11412 | G85: 4월 9일 | H85: 3 | I85: =H85*10/190 -> 0.15789474 | J85: QA2
A86: 4월 | B86: 기능 고도화 | C86: PASS기능개발 | D86: ㄴ26년 4월 앱 배포 검수 | E86: 26년 4월 개편 앱 모니터링 대응 - 스토어 배포 및 모니터링 | F86: =VLOOKUP(D86,CSR!$D$4:$E$1180,2,FALSE) -> CSR_11412 | G86: 4월 13일 | H86: 1 | I86: =H86*10/190 -> 0.052631579 | J86: QA2
A87: 4월 | B87: 기능 고도화 | C87: PASS기능개발 | D87: 서비스 품질개선 | E87: 26년 6월 개편 앱 테스트 설계 - 6월 개편 앱 설계 | F87: =VLOOKUP(D87,CSR!$D$4:$E$1180,2,FALSE) -> CSR_11400 | G87: 4월 15일 | H87: 4 | I87: 0.21052632 | J87: QA2
A88: 4월 | B88: 기능 고도화 | C88: PASS기능개발 | D88: 서비스 품질개선 | E88: 26년 6월 개편 앱 테스트 설계 - 6월 개편 앱 설계 | F88: =VLOOKUP(D88,CSR!$D$4:$E$1180,2,FALSE) -> CSR_11400 | G88: 46132 | H88: 3 | I88: 0.15789474 | J88: QA2
A89: 3월 | B89: 서비스 품질관리 | C89: 서비스 운영 | D89: 업무보고 및 협의 | E89: PASS전략파트너 개발 관련 업무보고 및 협의 - 내부/외부 회의 및 협의 | F89: =VLOOKUP(D89,CSR!$D$4:$E$1180,2,FALSE) -> CSR_30600 | G89: 46108 | H89: 5 | I89: =H89*10/190 -> 0.26315789 | J89: 개발PM
A90: 4월 | B90: 서비스 품질관리 | C90: 서비스 운영 | D90: 업무보고 및 협의 | E90: PASS전략파트너 개발 관련 업무보고 및 협의 - 내부/외부 회의 및 협의 | F90: =VLOOKUP(D90,CSR!$D$4:$E$1180,2,FALSE) -> CSR_30600 | G90: 46115 | H90: 5 | I90: =H90*10/190 -> 0.26315789 | J90: 개발PM
A91: 4월 | B91: 서비스 품질관리 | C91: 서비스 운영 | D91: 업무보고 및 협의 | E91: PASS전략파트너 개발 관련 업무보고 및 협의 - 내부/외부 회의 및 협의 | F91: =VLOOKUP(D91,CSR!$D$4:$E$1180,2,FALSE) -> CSR_30600 | G91: 46122 | H91: 5 | I91: =H91*10/190 -> 0.26315789 | J91: 개발PM
A92: 4월 | B92: 서비스 품질관리 | C92: 서비스 운영 | D92: 업무보고 및 협의 | E92: PASS전략파트너 개발 관련 업무보고 및 협의 - 내부/외부 회의 및 협의 | F92: =VLOOKUP(D92,CSR!$D$4:$E$1180,2,FALSE) -> CSR_30600 | G92: 46132 | H92: 4 | I92: =H92*10/190 -> 0.21052632 | J92: 개발PM
A93: 3월 | B93: 서비스 품질관리 | C93: 서비스 운영 | D93: 업무보고 및 협의 | E93: PASS전략파트너 개발 관련 업무보고 및 협의 - 내부/외부 회의 및 협의 | F93: =VLOOKUP(D93,CSR!$D$4:$E$1180,2,FALSE) -> CSR_30600 | G93: 46108 | H93: 3 | I93: =H93*10/190 -> 0.15789474 | J93: 기획PM
A94: 4월 | B94: 서비스 품질관리 | C94: 서비스 운영 | D94: 업무보고 및 협의 | E94: PASS전략파트너 개발 관련 업무보고 및 협의 - 내부/외부 회의 및 협의 | F94: =VLOOKUP(D94,CSR!$D$4:$E$1180,2,FALSE) -> CSR_30600 | G94: 46115 | H94: 3 | I94: =H94*10/190 -> 0.15789474 | J94: 기획PM
A95: 4월 | B95: 신규사업 개발 | C95: 신규서비스 개발 | D95: ㄴ스마트청구서 개발 | E95: 스마트청구서 기획 1차안 작성 및 공유 | F95: =VLOOKUP(D95,CSR!$D$4:$E$1180,2,FALSE) -> CSR_41201 | G95: 4월 7일 | H95: 3 | I95: =H95*10/190 -> 0.15789474 | J95: 기획PM
A96: 4월 | B96: 서비스 품질관리 | C96: 서비스 운영 | D96: 업무보고 및 협의 | E96: PASS U+ 월례회의 : 개발항목 협의 | F96: =VLOOKUP(D96,CSR!$D$4:$E$1180,2,FALSE) -> CSR_30600 | G96: 4월 8일 | H96: 3 | I96: =H96*10/190 -> 0.15789474 | J96: 기획PM
A97: 4월 | B97: 서비스 품질관리 | C97: 서비스 운영 | D97: 업무보고 및 협의 | E97: PASS전략파트너 개발 관련 업무보고 및 협의 - 내부/외부 회의 및 협의 | F97: =VLOOKUP(D97,CSR!$D$4:$E$1180,2,FALSE) -> CSR_30600 | G97: 46122 | H97: 3 | I97: =H97*10/190 -> 0.15789474 | J97: 기획PM
A98: 4월 | B98: 서비스 품질관리 | C98: 서비스 운영 | D98: 업무보고 및 협의 | E98: PASS전략파트너 개발 관련 업무보고 및 협의 - 내부/외부 회의 및 협의 | F98: =VLOOKUP(D98,CSR!$D$4:$E$1180,2,FALSE) -> CSR_30600 | G98: 46129 | H98: 3 | I98: =H98*10/190 -> 0.15789474 | J98: 기획PM
A99: 4월 | B99: 기능고도화 | C99: PASS기능개발 | D99: PASS UI/UX 개선 | E99: PASS UI/UX 협의를 위한 리스트 작성 | F99: =VLOOKUP(D99,CSR!$D$4:$E$1180,2,FALSE) -> CSR_11500 | G99: 4월 17일 | H99: 1 | I99: =H99*10/190 -> 0.052631579 | J99: 기획PM
A100: 3월 | B100: 신규사업 개발 | C100: 인증플랫폼 | D100: 휴대폰결제 고도화 | E100: 결제비밀번호 도입 사전 검토 (3/24) - V3 도입 시 영향도 검토 및 공유 | F100: =VLOOKUP(D100,CSR!$D$4:$E$1180,2,FALSE) -> CSR_40700 | G100: 46105 | H100: 0.5 | I100: =H100*10/190 -> 0.026315789 | J100: 기획자1
A101: 3월 | B101: 신규사업 개발 | C101: 인증플랫폼 | D101: 통신업무 "안면인증" PASS 활용 기능 및 사업화 | E101: MIS 선택 업데이트 기능 추가 - 개발 문의 대응, MIS 문의 및 확인 | F101: =VLOOKUP(D101,CSR!$D$4:$E$1180,2,FALSE) -> CSR_40400 | G101: 46108 | H101: 0.5 | I101: =H101*10/190 -> 0.026315789 | J101: 기획자1
A102: 4월 | B102: 신규사업 개발 | C102: 인증플랫폼 | D102: 모바일신분증 고도화 (라인업 확대_시민증 관광증) | E102: 모바일신분증 가맹점 표기 정책 수정 - 기획서 수정, 개발 문의 대응, 테스트 | F102: =VLOOKUP(D102,CSR!$D$4:$E$1180,2,FALSE) -> CSR_40300 | G102: 46113 | H102: 1 | I102: =H102*10/190 -> 0.052631579 | J102: 기획자1
A103: 4월 | B103: 신규사업 개발 | C103: 인증플랫폼 | D103: 모바일신분증 고도화 (라인업 확대_시민증 관광증) | E103: 시민증 연동 - 기획 초안 검토 및 PASS 정기 배포 예상 일정 공유 | F103: =VLOOKUP(D103,CSR!$D$4:$E$1180,2,FALSE) -> CSR_40300 | G103: 46119 | H103: 1 | I103: =H103*10/190 -> 0.052631579 | J103: 기획자1
A104: 4월 | B104: 신규사업 개발 | C104: 인증플랫폼 | D104: 모바일신분증 고도화 (라인업 확대_시민증 관광증) | E104: 모바일신분증 명칭 변경 - 변경 범위 및 항목 검토 및 기획서 작성, 개발 검토 요청 | F104: =VLOOKUP(D104,CSR!$D$4:$E$1180,2,FALSE) -> CSR_40300 | G104: 46120 | H104: 0.5 | I104: =H104*10/190 -> 0.026315789 | J104: 기획자1
A105: 4월 | B105: 신규사업 개발 | C105: 인증플랫폼 | D105: 휴대폰결제 고도화 | E105: 1. 휴대폰결제 상용 약관 추가 - 상용 환경 약관 추가 반영 및 테스트 (3/31) - 휴대폰결제 약관창 UI 문의 정리 및 답변 (4/2) 2. 휴대폰결제 바코드 CU 로고 삭제 건(4/8) - 기획서 작성, 디자인 가이드 요청, 개발 문의 대응 | F105: =VLOOKUP(D105,CSR!$D$4:$E$1180,2,FALSE) -> CSR_40700 | G105: 46120 | H105: 1 | I105: =H105*10/190 -> 0.052631579 | J105: 기획자1
A106: 4월 | B106: 서비스 품질관리 | C106: 서비스 운영 | D106: 업무보고 및 협의 | E106: PASS U+ 월례회의 : 개발항목 협의 | F106: =VLOOKUP(D106,CSR!$D$4:$E$1180,2,FALSE) -> CSR_30600 | G106: 4월 8일 | H106: 0.3 | I106: =H106*10/190 -> 0.015789474 | J106: 기획자1
A107: 4월 | B107: 신규사업 개발 | C107: 인증플랫폼 | D107: 인증서 고도화 | E107: 인증서 발급 시 본인확인 정보 불일치 문구 수정 - 기획서 작성, 수정 문구 및 반영 일정 협의 (본인확인서버) | F107: =VLOOKUP(D107,CSR!$D$4:$E$1180,2,FALSE) -> CSR_40500 | G107: 46121 | H107: 0.2 | I107: =H107*10/190 -> 0.010526316 | J107: 기획자1
A108: 4월 | B108: 기능 고도화 | C108: PASS기능개발 | D108: PASS 로그인 방식 개선 (정책 강화 등) | E108: PIN 인증 방식 전환 - 기획서 수정(PIN원복/전환 시나리오 추가) 및 개발 문의 대응 | F108: =VLOOKUP(D108,CSR!$D$4:$E$1180,2,FALSE) -> CSR_11000 | G108: 46125 | H108: 1.5 | I108: =H108*10/190 -> 0.078947368 | J108: 기획자1
A109: 4월 | B109: 신규사업 개발 | C109: 인증플랫폼 | D109: 모바일신분증 고도화 (라인업 확대_시민증 관광증) | E109: 모바일신분증 제3자제공 이용기관 리스트 - 웹뷰 검수/상용 반영 및 테스트 (3/25) - 주민증 가맹점 데이터 현행화 요청 및 웹뷰 반영 (4/13) | F109: =VLOOKUP(D109,CSR!$D$4:$E$1180,2,FALSE) -> CSR_40300 | G109: 46125 | H109: 0.5 | I109: =H109*10/190 -> 0.026315789 | J109: 기획자1
A110: 4월 | B110: 서비스 품질관리 | C110: 서비스 운영 | D110: LGU+ 요청사항 대응 및 운영 | E110: 면허증 개인정보 보안점검 관련 수집 현황 검토 및 공유 - 면허증 데이터 별 암호화 여부 및 파기 정책 확인 및 공유 (3/17~3/30) - 파기 대상 데이터 스케줄러 개발 검토 요청 (3/31) - 파기 대상 데이터 일괄 삭제 시 영향도 확인 및 공유 (4/14) | F110: =VLOOKUP(D110,CSR!$D$4:$E$1180,2,FALSE) -> CSR_30200 | G110: 46126 | H110: 2 | I110: =H110*10/190 -> 0.10526316 | J110: 기획자1
A111: 4월 | B111: 서비스 품질관리 | C111: 서비스 운영 | D111: LGU+ 요청사항 대응 및 운영 | E111: 신분증 운영 대응 1. 행안부 제출용 주민증 서비스 화면 현행화 및 자료 제작 (3/24) 2. 면허증 확인증 표시 오류 확인 요청 및 적검기간 공유 (4/7) 3. 면허증 작업공지 확인 (4/15) 4. 안드로이드16 도입 영향도 확인 요청 (MIS, 안면인증, 신분증SDK) (4/16) | F111: =VLOOKUP(D111,CSR!$D$4:$E$1180,2,FALSE) -> CSR_30200 | G111: 46128 | H111: 1.5 | I111: =H111*10/190 -> 0.078947368 | J111: 기획자1
A112: 4월 | B112: 서비스 품질관리 | C112: 서비스 운영 | D112: CP 파트너십 관리 (PASS 앱 기획, 디자인, 개발 가이드) | E112: 1. 휴대폰결제 전체 검증 시나리오 현행화, 정리 및 공유 (4/14) 2. 휴대폰결제 JWT 테스트 문의 대응 - 시뮬레이터 푸시 미발송 확인 요청 (3/24) - 검수 인증서 발급 오류 문의 및 인증번호 확인 대응 (4/3~4/17) - 검수 인증서 2차인증 오류 문의 대응 (4/13) 3. 휴대폰결제 마케팅 배너 운영 확인 요청 (4/13~4/17) | F112: =VLOOKUP(D112,CSR!$D$4:$E$1180,2,FALSE) -> CSR_30000 | G112: 46129 | H112: 2 | I112: =H112*10/190 -> 0.10526316 | J112: 기획자1
A113: 4월 | B113: 신규사업 개발 | C113: 인증플랫폼 | D113: PASS지갑 고도화 | E113: PASS전자고지 열람율 개선 고도화 검토 - PASS지갑 규격 수정, 기관 로고 전달 방식 및 반영 일정 협의 - 기획서 수정 및 공유, 디자인 가이드 요청 및 검수, 개발 문의 대응 - 검수 인증수단 추가 인증플로우 테스트, 정리 및 공유 | F113: =VLOOKUP(D113,CSR!$D$4:$E$1180,2,FALSE) -> CSR_40600 | G113: 46132 | H113: 4 | I113: =H113*10/190 -> 0.21052632 | J113: 기획자1
A114: 4월 | B114: 신규사업 개발 | C114: 인증플랫폼 | D114: 통신업무 "안면인증" PASS 활용 기능 및 사업화 | E114: 안면인증 실패 통계 고도화 - 통계 기준 변경 및 기획서 수정, 개발 문의 대응 - 검수 환경 테스트 | F114: =VLOOKUP(D114,CSR!$D$4:$E$1180,2,FALSE) -> CSR_40400 | G114: 46132 | H114: 1.5 | I114: =H114*10/190 -> 0.078947368 | J114: 기획자1
A115: 4월 | B115: 서비스 품질관리 | C115: 서비스 운영 | D115: LGU+ 요청사항 대응 및 운영 | E115: 안면인증 실패 통계 공유 - 주차 별 통계 수동 추출 요청, 검증 및 공유 (3월 4주차 ~ 4월 2주차) | F115: =VLOOKUP(D115,CSR!$D$4:$E$1180,2,FALSE) -> CSR_30200 | G115: 46132 | H115: 1 | I115: =H115*10/190 -> 0.052631579 | J115: 기획자1
A116: 3월 | B116: 기능 고도화 | C116: PASS기능개발 | D116: PASS 주소록 기능 개발 | E116: PASS주소록 - 서비스 오픈 및 모니터링(3/25) - PASS앱 최초약관 노출 처리 | F116: =VLOOKUP(D116,CSR!$D$4:$E$1180,2,FALSE) -> CSR_10800 | G116: 46106 | H116: 0.5 | I116: =H116*10/190 -> 0.026315789 | J116: 기획자2
A117: 3월 | B117: 기능 고도화 | C117: PASS기능개발 | D117: ㄴ계좌인증 금융기관 선택 화면 현행화 | E117: 금융기관 선택 화면 현행화 - 검수 및 상용 확인 및 반영(w.RP,인증서 서버) | F117: =VLOOKUP(D117,CSR!$D$4:$E$1180,2,FALSE) -> CSR_11303 | G117: 46106 | H117: 0.3 | I117: =H117*10/190 -> 0.015789474 | J117: 기획자2
A118: 3월 | B118: 신규사업 개발 | C118: B2G서비스 연동 | D118: KAIT 명의도용방지서비스(M-safer) 고도화 | E118: 명의도용방지 - 알뜰폰 사업자리스트 현행화 F/U | F118: =VLOOKUP(D118,CSR!$D$4:$E$1180,2,FALSE) -> CSR_40000 | G118: 46106 | H118: 0.1 | I118: =H118*10/190 -> 0.0052631579 | J118: 기획자2
... A121: 4월 | B121: 신규사업 개발 | C121: 신규서비스개발 | D121: ㄴPASS안심클라우드 | E121: PASS클라우드 - 기획서 업데이트 - CP사 기획서 및 SDK 검토 - 기획 리뷰 2차 - CP사&개발 문의 대응 | F121: =VLOOKUP(D121,CSR!$D$4:$E$1180,2,FALSE) -> CSR_41103 | G121: 46115 | H121: 3 | I121: =H121*10/190 -> 0.15789474 | J121: 기획자2
A122: 4월 | B122: 서비스 품질관리 | C122: 서비스 운영 | D122: 업무보고 및 협의 | E122: PASS U+ 월례회의 : 개발항목 협의 | F122: =VLOOKUP(D122,CSR!$D$4:$E$1180,2,FALSE) -> CSR_30600 | G122: 4월 8일 | H122: 0.3 | I122: =H122*10/190 -> 0.015789474 | J122: 기획자2
A123: 4월 | B123: 기능 고도화 | C123: PASS기능개발 | D123: PASS 주소록 기능 개발 | E123: PASS주소록 - 고도화 - 기획서 업데이트 - 공유 시트 디자인 검수 및 수정 - 파일 공유 기능 관련 CP사 개발 요건 및 협의(w.오션블루) - 페이백 쇼핑 기능 고도화 관련 CP사 사전 공유(w.헥토) | F123: =VLOOKUP(D123,CSR!$D$4:$E$1180,2,FALSE) -> CSR_10800 | G123: 46122 | H123: 2 | I123: =H123*10/190 -> 0.10526316 | J123: 기획자2
A124: 4월 | B124: 기능 고도화 | C124: PASS기능개발 | D124: PASS 앱인앱 고도화 (웹뷰 고도화) | E124: 인앱브라우저 - 기획서 업데이트 - GA태깅 관련 개발 요청 사항 정리 | F124: =VLOOKUP(D124,CSR!$D$4:$E$1180,2,FALSE) -> CSR_10700 | G124: 46122 | H124: 0.5 | I124: =H124*10/190 -> 0.026315789 | J124: 기획자2
A125: 4월 | B125: 기능 고도화 | C125: PASS기능개발 | D125: PASS 주소록 기능 개발 | E125: PASS주소록 - 고도화 - 기획서 업데이트 - 기획 리뷰(w.개발팀) - 파일 공유 기능 관련 CP사 개발 요건 및 협의(w.오션블루) - 문서 공유 기능 관련 CP사 수정 개발 요청(w.폴라리스오피스) | F125: =VLOOKUP(D125,CSR!$D$4:$E$1180,2,FALSE) -> CSR_10800 | G125: 46122 | H125: 2.5 | I125: =H125*10/190 -> 0.13157895 | J125: 기획자2
A126: 4월 | B126: 신규사업 개발 | C126: 신규서비스개발 | D126: ㄴPASS안심클라우드 | E126: PASS클라우드 - 기획서 업데이트 - CP사&개발 문의 대응 - 검수 어드민 세팅 | F126: =VLOOKUP(D126,CSR!$D$4:$E$1180,2,FALSE) -> CSR_41103 | G126: 46122 | H126: 2 | I126: =H126*10/190 -> 0.10526316 | J126: 기획자2
A127: 4월 | B127: 서비스 품질관리 | C127: 서비스 운영 | D127: LGU+ 요청사항 대응 및 운영 | E127: 홈 > 주요서비스 영역 - 초기 노출 서비스 변경 MY > U+사업자 홍보영역 - U+웹팩스 링크 변경 | F127: =VLOOKUP(D127,CSR!$D$4:$E$1180,2,FALSE) -> CSR_30200 | G127: 46127 | H127: 0.3 | I127: =H127*10/190 -> 0.015789474 | J127: 기획자2
A128: 4월 | B128: 기능 고도화 | C128: PASS기능개발 | D128: PASS MY 화면 고도화 | E128: MY·전체메뉴 통합 개편 - 기획서 업데이트(U+ 추가 요건 반영) - CP사&개발 문의 대응 - 관련 디자인 추가 수정 요청 및 검수 - 일반 부가서비스 해지 이슈 U+ 공유 | F128: =VLOOKUP(D128,CSR!$D$4:$E$1180,2,FALSE) -> CSR_10400 | G128: 46128 | H128: 2 | I128: =H128*10/190 -> 0.10526316 | J128: 기획자2
A129: 4월 | B129: 기능 고도화 | C129: PASS기능개발 | D129: ㄴ계좌인증 금융기관 선택 화면 현행화 | E129: 금융기관 선택 화면 현행화 - 금융기관 로고 변경 관련 서칭 및 수정 요청(w.RP,인증서 서버) - 검수 반영 및 확인 | F129: =VLOOKUP(D129,CSR!$D$4:$E$1180,2,FALSE) -> CSR_11303 | G129: 46128 | H129: 0.5 | I129: =H129*10/190 -> 0.026315789 | J129: 기획자2
A130: 4월 | B130: 서비스 품질관리 | C130: 서비스 운영 | D130: CP 파트너십 관리 (PASS 앱 기획, 디자인, 개발 가이드) | E130: 셀로 - 시스템 작업 관련 대응 오피스도우미 - 공유문서 클릭 시 유료가입 노출 관련 이슈 확인 | F130: =VLOOKUP(D130,CSR!$D$4:$E$1180,2,FALSE) -> CSR_30000 | G130: 46129 | H130: 0.5 | I130: =H130*10/190 -> 0.026315789 | J130: 기획자2
A131: 4월 | B131: 기능 고도화 | C131: PASS기능개발 | D131: PASS 주소록 기능 개발 | E131: PASS주소록 - 고도화 - 기획서 업데이트 - 푸시 공유 GA태깅 요청사항 정리 | F131: =VLOOKUP(D131,CSR!$D$4:$E$1180,2,FALSE) -> CSR_10800 | G131: 46132 | H131: 1.5 | I131: =H131*10/190 -> 0.078947368 | J131: 기획자2
A132: 3월 | B132: 마케팅 | C132: PASS활성화 이벤트 | D132: (기타) 부가서비스 이벤트 지원 | E132: 펫키퍼 이벤트 운영 지원 (3/23) - 상용 배너 오픈 및 모니터링 | F132: =VLOOKUP(D132,CSR!$D$4:$E$1180,2,FALSE) -> CSR_20100 | G132: 46104 | H132: 0.5 | I132: =H132*10/190 -> 0.026315789 | J132: 기획자3
A133: 4월 | B133: 서비스 품질관리 | C133: 서비스 운영 | D133: LGU+ 요청사항 대응 및 운영 | E133: 서비스 무료 가입자 지표 공유 (4/3) - 3월 서베이 및 일반 무료서비스 가입자 현황 | F133: =VLOOKUP(D133,CSR!$D$4:$E$1180,2,FALSE) -> CSR_30200 | G133: 46115 | H133: 0.5 | I133: =H133*10/190 -> 0.026315789 | J133: 기획자3
A134: 4월 | B134: 서비스 품질관리 | C134: 서비스 운영 | D134: LGU+ 요청사항 대응 및 운영 | E134: 기프트샵 서비스 현황 통계 지표 공유 (4/8) - 월별 누적 가입자, 기프트샵 진입 GA 데이터 전달 | F134: =VLOOKUP(D134,CSR!$D$4:$E$1180,2,FALSE) -> CSR_30200 | G134: 46120 | H134: 0.5 | I134: =H134*10/190 -> 0.026315789 | J134: 기획자3
... A137: 4월 | B137: 마케팅 | C137: PASS활성화 이벤트 | D137: (상시) PASS앱 이벤트 실행·효과분석 | E137: 3월 PASS 마케팅 및 PUSH 지표 작성 (4/8) - PUSH 지표 작성 및 현황 보고 | F137: =VLOOKUP(D137,CSR!$D$4:$E$1180,2,FALSE) -> CSR_20000 | G137: 46120 | H137: 1.5 | I137: =H137*10/190 -> 0.078947368 | J137: 기획자3
A138: 4월 | B138: 서비스 품질관리 | C138: 서비스 운영 | D138: 업무보고 및 협의 | E138: PASS U+ 월례회의 : 개발항목 협의 | F138: =VLOOKUP(D138,CSR!$D$4:$E$1180,2,FALSE) -> CSR_30600 | G138: 4월 8일 | H138: 0.3 | I138: =H138*10/190 -> 0.015789474 | J138: 기획자3
A139: 4월 | B139: 서비스 품질관리 | C139: 서비스 운영 | D139: LGU+ 요청사항 대응 및 운영 | E139: 홈 운영 서비스 변경 요청 대응 (4/13) - 자산영역 대출상품 진입점 추가 | F139: =VLOOKUP(D139,CSR!$D$4:$E$1180,2,FALSE) -> CSR_30200 | G139: 46125 | H139: 0.5 | I139: =H139*10/190 -> 0.026315789 | J139: 기획자3
A140: 4월 | B140: 서비스 품질관리 | C140: 서비스 운영 | D140: CP 파트너십 관리 (PASS 앱 기획, 디자인, 개발 가이드) | E140: 오피스도우미 SDK 업데이트 - CP SDK 수급 및 변경 시나리오 확인 요청 | F140: =VLOOKUP(D140,CSR!$D$4:$E$1180,2,FALSE) -> CSR_30000 | G140: 46128 | H140: 0.5 | I140: =H140*10/190 -> 0.026315789 | J140: 기획자3
A141: 4월 | B141: 마케팅 | C141: PASS활성화 이벤트 | D141: (기타) 부가서비스 이벤트 지원 | E141: 셀로 프로모션 진행 문의 대응 - 디자인 가이드 전달 및 BG색상 협의 | F141: =VLOOKUP(D141,CSR!$D$4:$E$1180,2,FALSE) -> CSR_20100 | G141: 46131 | H141: 0.2 | I141: =H141*10/190 -> 0.010526316 | J141: 기획자3
A142: 4월 | B142: 마케팅 | C142: 마케팅 관련 고도화 및 지원 | D142: GA4 컨텐츠 그룹핑 반영 및 운영 지원 | E142: 26년 4월 업데이트용 GA4태깅 문서 작성 - 태깅 반영 요청 문서 작성 | F142: =VLOOKUP(D142,CSR!$D$4:$E$1180,2,FALSE) -> CSR_20400 | G142: 46132 | H142: 1 | I142: =H142*10/190 -> 0.052631579 | J142: 기획자3
A143: 3월 | B143: 마케팅 | C143: PASS활성화 이벤트 | D143: (기타) 부가서비스 이벤트 지원 | E143: 웹툰 이벤트 운영 지원 (4/1) - 4월 출석체크 이벤트 관련 검수 배너 세팅 및 테스트 - 상용 배너 오픈 및 홍보 PUSH 발송 | F143: =VLOOKUP(D143,CSR!$D$4:$E$1180,2,FALSE) -> CSR_20100 | G143: 46132 | H143: 1 | I143: =H143*10/190 -> 0.052631579 | J143: 기획자3
A144: 4월 | B144: 마케팅 | C144: PASS활성화 이벤트 | D144: ㄴ주소록 오픈 이벤트 | E144: 주소록 오픈 이벤트(W. 오피스도우미) (4/13) - 기획서 수정 및 사업팀, CP 검토 요청 - 디자인, 퍼블, 개발 수정 요청 및 검수 - 이벤트 배너 기획 - 상용 배너 오픈 및 모니터링, 홍보 PUSH 발송 - 주별 응모 현황 추출 요청 및 공유 | F144: =VLOOKUP(D144,CSR!$D$4:$E$1180,2,FALSE) -> #N/A | G144: 46132 | H144: 1.5 | I144: =H144*10/190 -> 0.078947368 | J144: 기획자3
A145: 4월 | B145: 마케팅 | C145: 마케팅 관련 고도화 및 지원 | D145: PUSH시스템 고도화 및 운영 지원 | E145: 4월 마케팅 PUSH 발송 - CP사 일정 취합 - 발송 규격 세팅 - 일별 발송 | F145: =VLOOKUP(D145,CSR!$D$4:$E$1180,2,FALSE) -> CSR_20300 | G145: 46132 | H145: 1.5 | I145: =H145*10/190 -> 0.078947368 | J145: 기획자3
A146: 4월 | B146: 서비스 품질관리 | C146: 서비스 운영 | D146: 금융광고 관리 (PASS 앱 기획, 디자인, 개발 가이드) | E146: 오버테이크 요청사항 대응 - 광고주 팝업 및 인증완료 배너 운영 지원 및 지표 공유 - 대출비교 4월 프로모션 운영 지원 - 여행 서비스 제휴 광고 운영 지원 | F146: =VLOOKUP(D146,CSR!$D$4:$E$1180,2,FALSE) -> CSR_30100 | G146: 46132 | H146: 1.5 | I146: =H146*10/190 -> 0.078947368 | J146: 기획자3
A147: 4월 | B147: 기능 고도화 | C147: PASS기능개발 | D147: PASS 공통 화면 개선 (모달형태 약관 화면 적용, 알림팝업 적용 등) | E147: 유/무료 서비스 동의화면 개선(잔여) - 무료가입 인트로 CP가이드 제작 및 배포 - CP 검수 url 취합 및 어드민 세팅 - 주소록, 명의도용방지 무료 인트로 화면 기획 | F147: =VLOOKUP(D147,CSR!$D$4:$E$1180,2,FALSE) -> CSR_11100 | G147: 46132 | H147: 1.5 | I147: =H147*10/190 -> 0.078947368 | J147: 기획자3
A148: 4월 | B148: 서비스 품질관리 | C148: 서비스 운영 | D148: 금융광고 관리 (PASS 앱 기획, 디자인, 개발 가이드) | E148: 구글 애드몹 광고 형식 추가 - 개발 및 CP 문의 대응 - 업데이트 인터페이스 문서 전달 | F148: =VLOOKUP(D148,CSR!$D$4:$E$1180,2,FALSE) -> CSR_30100 | G148: 46132 | H148: 0.5 | I148: =H148*10/190 -> 0.026315789 | J148: 기획자3
A149: 4월 | B149: 서비스 품질관리 | C149: 서비스 운영 | D149: 고객센터 (1:1문의, FAQ, 홈페이지) 관련 대응 및 운영 | E149: 26년 6월 홈페이지 현행화 - 제휴문의 제휴사 CI 업데이트 - 26년 6월 앱 업데이트용 이미지 교체 | F149: =VLOOKUP(D149,CSR!$D$4:$E$1180,2,FALSE) -> CSR_30400 | G149: 46132 | H149: 1 | I149: =H149*10/190 -> 0.052631579 | J149: 기획자3
A150: 4월 | B150: 마케팅 | C150: PASS활성화 이벤트 | D150: ㄴ주소록X더치트프리미엄 연계 이벤트 | E150: 주소록X더치트프리미엄 연계 이벤트 - 기획서 작성 및 사업팀 검토 요청 - 디자인, 퍼블 요청 및 검수 - 개발 검토 요청 | F150: =VLOOKUP(D150,CSR!$D$4:$E$1180,2,FALSE) -> CSR_20007 | G150: 46132 | H150: 1.5 | I150: =H150*10/190 -> 0.078947368 | J150: 기획자3
... A152: 3월 | B152: 서비스 품질관리 | C152: 서비스 운영 | D152: CP 파트너십 관리 (PASS 앱 기획, 디자인, 개발 가이드) | E152: 펫신분증 운영 대응 (3월) 1. 펫신분증 방화벽 추가 등록 요청 및 문의 대응 (3/23) 2. 펫신분증 출입QR 생성 예외 처리 협의 및 테스트 (3/26) 3. 펫신분증 검수 펫 등록 요청 및 테스트 (3/26) 4. 펫신분증 출입QR 생성/조회 이슈 확인 요청 및 테스트 (3/31) | F152: =VLOOKUP(D152,CSR!$D$4:$E$1180,2,FALSE) -> CSR_30000 | G152: 46112 | H152: 3 | I152: =H152*10/190 -> 0.15789474 | J152: 기획자4
A153: 4월 | B153: 기능고도화 | C153: PASS기능개발 | D153: ㄴ외부플랫폼 진입 시 브릿지 페이지 | E153: 외부 플랫폼 진입 시 브릿지 페이지 기획안 작성 | F153: =VLOOKUP(D153,CSR!$D$4:$E$1180,2,FALSE) -> CSR_11314 | G153: 4월 3일 | H153: 2 | I153: =H153*10/190 -> 0.10526316 | J153: 기획자4
A154: 4월 | B154: 서비스 품질관리 | C154: 서비스 운영 | D154: CP 파트너십 관리 (PASS 앱 기획, 디자인, 개발 가이드) | E154: 펫신분증 운영 대응 (4월) 1. 펫신분증 진입 오류 조치 요청 및 테스트 (4/3) 2. 펫세권 백화현상 오류 조치 요청 및 테스트 (4/13) 3. 펫신분증 국가등록번호 등록 민원 확인 요청 (4/16) | F154: =VLOOKUP(D154,CSR!$D$4:$E$1180,2,FALSE) -> CSR_30000 | G154: 46128 | H154: 3 | I154: =H154*10/190 -> 0.15789474 | J154: 기획자4
A155: 4월 | B155: 서비스 품질관리 | C155: 서비스 운영 | D155: CP 파트너십 관리 (PASS 앱 기획, 디자인, 개발 가이드) | E155: 에코혜택모아 서비스 오픈 관련 대응 (4/15) - 서비스 노출 처리 및 진입점 게시 - FAQ 등록 - 서비스 모니터링 | F155: =VLOOKUP(D155,CSR!$D$4:$E$1180,2,FALSE) -> CSR_30000 | G155: 46128 | H155: 1 | I155: =H155*10/190 -> 0.052631579 | J155: 기획자4
A156: 4월 | B156: 서비스 품질관리 | C156: 서비스 운영 | D156: CP 파트너십 관리 (PASS 앱 기획, 디자인, 개발 가이드) | E156: 마인드케어 프리미엄 서비스 오픈 관련 대응 (4/15) - 서비스 노출 처리 및 진입점 게시 - FAQ 등록 - 서비스 모니터링 | F156: =VLOOKUP(D156,CSR!$D$4:$E$1180,2,FALSE) -> CSR_30000 | G156: 46128 | H156: 1 | I156: =H156*10/190 -> 0.052631579 | J156: 기획자4
A157: 4월 | B157: 서비스 품질관리 | C157: 서비스 운영 | D157: CP 파트너십 관리 (PASS 앱 기획, 디자인, 개발 가이드) | E157: 해외주식정보, 공모주 정보 CP작업에 따른 메뉴 미노출(4/16)/노출(4/17) 처리 | F157: =VLOOKUP(D157,CSR!$D$4:$E$1180,2,FALSE) -> CSR_30000 | G157: 4월 17일 | H157: 1 | I157: =H157*10/190 -> 0.052631579 | J157: 기획자4
A158: 4월 | B158: 기능고도화 | C158: PASS기능개발 | D158: ㄴ외부플랫폼 진입 시 브릿지 페이지 | E158: 외부 플랫폼 진입 시 브릿지 페이지 - CP사 프로세스 협의 후 화면 설계 재수정 | F158: =VLOOKUP(D158,CSR!$D$4:$E$1180,2,FALSE) -> CSR_11314 | G158: 4월 17일 | H158: 5 | I158: =H158*10/190 -> 0.26315789 | J158: 기획자4
A159: 3월 | B159: 기능 고도화 | C159: PASS기능개발 | D159: PASS 앱인앱 고도화 (웹뷰 고도화) | E159: 인앱브라우저 개발용 리소스 정리 | F159: =VLOOKUP(D159,CSR!$D$4:$E$1180,2,FALSE) -> CSR_10700 | G159: 3월 24일 | H159: 0.5 | I159: =H159*10/190 -> 0.026315789 | J159: 디자이너1
A160: 3월 | B160: 기능 고도화 | C160: PASS기능개발 | D160: PASS MY 화면 고도화 | E160: 디자인 수정 - 맞춤정보 가이드 변경 - 오늘의 운세/카드영역 - 혜택 - 이벤트 자세히보기 UI 변경 | F160: =VLOOKUP(D160,CSR!$D$4:$E$1180,2,FALSE) -> CSR_10400 | G160: 3월 27일 | H160: 2 | I160: =H160*10/190 -> 0.10526316 | J160: 디자이너1
A161: 3월 | B161: 기능 고도화 | C161: PASS기능개발 | D161: ㄴ외부플랫폼 진입 시 브릿지 페이지 | E161: 외부플랫폼 브릿지 페이지 시안 | F161: =VLOOKUP(D161,CSR!$D$4:$E$1180,2,FALSE) -> CSR_11314 | G161: 3월 27일 | H161: 2 | I161: =H161*10/190 -> 0.10526316 | J161: 디자이너1
A162: 3월 | B162: 신규사업 개발 | C162: 인증플랫폼 | D162: 휴대폰결제 고도화 | E162: 휴대폰결제 바코드 CU 로고 삭제 건 | F162: =VLOOKUP(D162,CSR!$D$4:$E$1180,2,FALSE) -> CSR_40700 | G162: 3월 30일 | H162: 0.5 | I162: =H162*10/190 -> 0.026315789 | J162: 디자이너1
A163: 3월 | B163: 신규사업 개발 | C163: 인증플랫폼 | D163: PASS지갑 고도화 | E163: PASS전자고지 배너 시안 | F163: =VLOOKUP(D163,CSR!$D$4:$E$1180,2,FALSE) -> CSR_40600 | G163: 3월 30일 | H163: 2 | I163: =H163*10/190 -> 0.10526316 | J163: 디자이너1
A164: 4월 | B164: 기능 고도화 | C164: PASS기능개발 | D164: PASS 주소록 기능 개발 | E164: 주소록 공유하기 간편 시트 수정 | F164: =VLOOKUP(D164,CSR!$D$4:$E$1180,2,FALSE) -> CSR_10800 | G164: 4월 1일 | H164: 3 | I164: =H164*10/190 -> 0.15789474 | J164: 디자이너1
...

Sheet 26년03월
A1: 월 | B1: 구분 | C1: 중점추진과제 | D1: 상세추진과제 | E1: 상세 추진 내용 | F1: CSR ID | G1: 완료일시 | H1: 투입M/D | I1: 투입M/M | J1: 처리자 | K1: 비고
A2: 2월 | B2: 기능 고도화 | C2: PASS기능개발 | D2: ㄴ26년 3월 앱 배포 검수 | E2: 3월 배포 DVT 이슈 대응 및 소스 점검 - 주소록 | F2: =VLOOKUP(D2,[3]CSR!$D$4:$E$1159,2,FALSE) -> CSR_11409 | G2: 46080 | H2: 4 | I2: =H2*10/190 -> 0.21052632 | J2: Android개발자1
A3: 3월 | B3: 기능 고도화 | C3: PASS기능개발 | D3: 서비스 개발 | E3: 기존 문제점 수정 개발 및 DVT 앱 반영 - AOS | F3: =VLOOKUP(D3,[3]CSR!$D$4:$E$1159,2,FALSE) -> CSR_11300 | G3: 46087 | H3: 3 | I3: =H3*10/190 -> 0.15789474 | J3: Android개발자1
A4: 3월 | B4: 기능 고도화 | C4: PASS기능개발 | D4: ㄴ26년 3월 앱 배포 검수 | E4: 3월 배포 CVT 1차 앱 소스 머지 및 취합 점검 - AOS | F4: =VLOOKUP(D4,[3]CSR!$D$4:$E$1159,2,FALSE) -> CSR_11409 | G4: 46087 | H4: 2 | I4: =H4*10/190 -> 0.10526316 | J4: Android개발자1
A5: 3월 | B5: 기능 고도화 | C5: PASS기능개발 | D5: ㄴ26년 3월 앱 배포 검수 | E5: 앱 CVT 2차 앱 소스 머지 및 취합 점검 - AOS | F5: =VLOOKUP(D5,[3]CSR!$D$4:$E$1159,2,FALSE) -> CSR_11409 | G5: 46094 | H5: 2 | I5: =H5*10/190 -> 0.10526316 | J5: Android개발자1
A6: 3월 | B6: 기능 고도화 | C6: PASS기능개발 | D6: ㄴ PASS 전자고지 열람 시 IMEI 조회 실패 오류 안내 개선 | E6: 모바일지갑 IMEI 제거 개발 검토 - AOS | F6: =VLOOKUP(D6,[3]CSR!$D$4:$E$1159,2,FALSE) -> CSR_11312 | G6: 46094 | H6: 3 | I6: =H6*10/190 -> 0.15789474 | J6: Android개발자1
A7: 3월 | B7: 기능 고도화 | C7: PASS기능개발 | D7: ㄴ26년 3월 앱 배포 검수 | E7: 스토어 앱 배포 및 이슈 점검 - AOS | F7: =VLOOKUP(D7,[3]CSR!$D$4:$E$1159,2,FALSE) -> CSR_11409 | G7: 46101 | H7: 1 | I7: =H7*10/190 -> 0.052631579 | J7: Android개발자1
A8: 3월 | B8: 기능 고도화 | C8: PASS기능개발 | D8: 서비스 개발 | E8: MIS SDK 업데이트 개발 - AOS | F8: =VLOOKUP(D8,[3]CSR!$D$4:$E$1159,2,FALSE) -> CSR_11300 | G8: 46101 | H8: 2 | I8: =H8*10/190 -> 0.10526316 | J8: Android개발자1
A9: 3월 | B9: 신규사업 개발 | C9: 신규서비스개발 | D9: ㄴPASS클라우드 | E9: 신규부가서비스 PASS 클라우드 추가 건 내부 개발 검토 - AOS | F9: =VLOOKUP(D9,[3]CSR!$D$4:$E$1159,2,FALSE) -> CSR_41103 | G9: 46101 | H9: 2 | I9: =H9*10/190 -> 0.10526316 | J9: Android개발자1
A10: 2월 | B10: 기능 고도화 | C10: PASS기능개발 | D10: PASS 앱인앱 고도화 (웹뷰 고도화) | E10: 인앱브라우처 웹타입 추가 건 기획 초안 검토 및 협의 - AOS | F10: =VLOOKUP(D10,[3]CSR!$D$4:$E$1159,2,FALSE) -> CSR_10700 | G10: 46080 | H10: 3 | I10: =H10*10/190 -> 0.15789474 | J10: Android개발자2
A11: 2월 | B11: 기능 고도화 | C11: PASS기능개발 | D11: ㄴ26년 3월 앱 배포 검수 | E11: 3월 배포 DVT 이슈 대응 및 소스 점검 - PASS 머니 회원 탈퇴 | F11: =VLOOKUP(D11,[3]CSR!$D$4:$E$1159,2,FALSE) -> CSR_11409 | G11: 46080 | H11: 2 | I11: =H11*10/190 -> 0.10526316 | J11: Android개발자2
A12: 3월 | B12: 기능 고도화 | C12: PASS기능개발 | D12: ㄴ26년 3월 앱 배포 검수 | E12: 3월 배포 DVT 이슈 대응 및 소스 점검 - 고객의소리 URL 변경 | F12: =VLOOKUP(D12,[3]CSR!$D$4:$E$1159,2,FALSE) -> CSR_11409 | G12: 46087 | H12: 2 | I12: =H12*10/190 -> 0.10526316 | J12: Android개발자2
A13: 3월 | B13: 기능 고도화 | C13: PASS기능개발 | D13: ㄴ26년 3월 앱 배포 검수 | E13: 앱 CVT 1차 대응 및 내부 점검 - AOS | F13: =VLOOKUP(D13,[3]CSR!$D$4:$E$1159,2,FALSE) -> CSR_11409 | G13: 46087 | H13: 1 | I13: =H13*10/190 -> 0.052631579 | J13: Android개발자2
... A88: 2월 | B88: 기능 고도화 | C88: PASS기능개발 | D88: ㄴ26년 3월 앱 배포 검수 | E88: 26년 3월 정기 배포 검수 - DVT(검수 환경) 수행 | F88: =VLOOKUP(D88,[3]CSR!$D$4:$E$1159,2,FALSE) -> CSR_11409 | G88: 46080 | H88: 1 | I88: =H88*10/190 -> 0.052631579 | J88: QA1
A89: 3월 | B89: 기능 고도화 | C89: PASS기능개발 | D89: ㄴ26년 3월 앱 배포 검수 | E89: 26년 3월 정기 배포 검수 - CVT 1차(검수 환경) 대응 - 검수 앱 점검 | F89: =VLOOKUP(D89,[3]CSR!$D$4:$E$1159,2,FALSE) -> CSR_11409 | G89: 3월 10일 | H89: 3 | I89: =H89*10/190 -> 0.15789474 | J89: QA1
A90: 3월 | B90: 기능 고도화 | C90: PASS기능개발 | D90: ㄴ26년 3월 앱 배포 검수 | E90: 26년 3월 정기 배포 검수 - CVT 2차(상용 환경) 대응 - 상용 앱 점검 | F90: =VLOOKUP(D90,[3]CSR!$D$4:$E$1159,2,FALSE) -> CSR_11409 | G90: 3월 13일 | H90: 1 | I90: =H90*10/190 -> 0.052631579 | J90: QA1
A91: 3월 | B91: 기능 고도화 | C91: PASS기능개발 | D91: ㄴ26년 3월 2차 서버 검수 | E91: 26년 3월 정기 배포 검수 - 모바일신분증 기능 검증 - 부가서비스 기능 검증 | F91: =VLOOKUP(D91,[3]CSR!$D$4:$E$1159,2,FALSE) -> CSR_11411 | G91: 3월 16일 | H91: 1 | I91: =H91*10/190 -> 0.052631579 | J91: QA1
A92: 3월 | B92: 기능 고도화 | C92: PASS기능개발 | D92: ㄴ26년 3월 앱 배포 검수 | E92: 26년 3월 정기 배포 검수 - 스토어 배포 대응 | F92: =VLOOKUP(D92,[3]CSR!$D$4:$E$1159,2,FALSE) -> CSR_11409 | G92: 3월 18일 | H92: 2 | I92: =H92*10/190 -> 0.10526316 | J92: QA1
A93: 3월 | B93: 기능 고도화 | C93: PASS기능개발 | D93: ㄴ26년 3월 앱 배포 검수 | E93: 26년 3월 정기 배포 검수 - 스토어 배포 대응 | F93: CSR_11409 | G93: 3월 18일 | H93: 2 | I93: =H93*10/190 -> 0.10526316 | J93: QA1
A94: 3월 | B94: 기능 고도화 | C94: PASS기능개발 | D94: 서비스 개발 | E94: 기존 문제점 내부 검토 - iCloud 복원 시 재가입 프로세스 진행 현황 검토 | F94: =VLOOKUP(D94,[3]CSR!$D$4:$E$1159,2,FALSE) -> CSR_11300 | G94: 3월 20일 | H94: 1 | I94: =H94*10/190 -> 0.052631579 | J94: QA1
A95: 3월 | B95: 기능 고도화 | C95: PASS기능개발 | D95: 서비스 개발 | E95: 기존 문제점 내부 검토 - iCloud 복원 시 재가입 프로세스 진행 현황 검토 | F95: CSR_11300 | G95: 3월 20일 | H95: 2 | I95: =H95*10/190 -> 0.10526316 | J95: QA1
A96: 3월 | B96: 기능 고도화 | C96: PASS기능개발 | D96: ㄴ26년 3월 앱 배포 검수 | E96: 26년 3월 정기 배포 검수 - DVT(검수 환경) 수행 | F96: =VLOOKUP(D96,[3]CSR!$D$4:$E$1159,2,FALSE) -> CSR_11409 | G96: 3월 5일 | H96: 3 | I96: =H96*10/190 -> 0.15789474 | J96: QA1
A97: 2월 | B97: 기능 고도화 | C97: PASS기능개발 | D97: ㄴ26년 3월 앱 배포 검수 | E97: 26년 3월 배포 앱 DVT - DVT 수행 | F97: CSR_11409 | G97: 2월 26일 | H97: 4 | I97: =H97*10/190 -> 0.21052632 | J97: QA2
A98: 2월 | B98: 기능 고도화 | C98: PASS기능개발 | D98: ㄴ26년 3월 앱 배포 검수 | E98: 26년 3월 배포 앱 DVT - DVT 수행 | F98: CSR_11409 | G98: 2월 27일 | H98: 2 | I98: =H98*10/190 -> 0.10526316 | J98: QA2
A99: 3월 | B99: 기능 고도화 | C99: PASS기능개발 | D99: ㄴ26년 3월 앱 배포 검수 | E99: 26년 3월 개편 앱 CVT 1차 대응 - CVT 1차 이슈 항목 점검 - 검수 앱 점검 | F99: CSR_11409 | G99: 3월 11일 | H99: 4 | I99: =H99*10/190 -> 0.21052632 | J99: QA2
A100: 3월 | B100: 기능 고도화 | C100: PASS기능개발 | D100: ㄴ26년 3월 앱 배포 검수 | E100: 26년 3월 개편 앱 CVT 2차 대응 - CVT 2차 사용앱 점검 | F100: CSR_11409 | G100: 3월 13일 | H100: 2 | I100: =H100*10/190 -> 0.10526316 | J100: QA2
A101: 3월 | B101: 기능 고도화 | C101: PASS기능개발 | D101: ㄴ26년 3월 2차 서버 검수 | E101: 26년 3월 정기 배포 검수 - 모바일신분증 기능 검증 - 부가서비스 기능 검증 | F101: CSR_11411 | G101: 3월 16일 | H101: 1 | I101: =H101*10/190 -> 0.052631579 | J101: QA2
A102: 3월 | B102: 기능 고도화 | C102: PASS기능개발 | D102: ㄴ26년 3월 앱 배포 검수 | E102: 26년 3월 배포 앱 DVT - DVT 수행 | F102: CSR_11409 | G102: 3월 4일 | H102: 2 | I102: =H102*10/190 -> 0.10526316 | J102: QA2
A103: 3월 | B103: 기능 고도화 | C103: PASS기능개발 | D103: ㄴ26년 3월 앱 배포 검수 | E103: 26년 3월 개편 앱 CVT 1차 대응 - CVT 1차 이슈 항목 점검 - 검수 앱 점검 | F103: CSR_11409 | G103: 3월 6일 | H103: 4 | I103: =H103*10/190 -> 0.21052632 | J103: QA2
A104: 2월 | B104: 서비스 품질관리 | C104: 서비스 운영 | D104: 업무보고 및 협의 | E104: PASS전략파트너 개발 관련 업무보고 및 협의 - 내부/외부 회의 및 협의 | F104: =VLOOKUP(D104,[3]CSR!$D$4:$E$1159,2,FALSE) -> CSR_30600 | G104: 46080 | H104: 5 | I104: =H104*10/190 -> 0.26315789 | J104: 개발PM
A105: 3월 | B105: 서비스 품질관리 | C105: 서비스 운영 | D105: 업무보고 및 협의 | E105: PASS전략파트너 개발 관련 업무보고 및 협의 - 내부/외부 회의 및 협의 | F105: =VLOOKUP(D105,[3]CSR!$D$4:$E$1159,2,FALSE) -> CSR_30600 | G105: 46087 | H105: 5 | I105: =H105*10/190 -> 0.26315789 | J105: 개발PM
A106: 3월 | B106: 서비스 품질관리 | C106: 서비스 운영 | D106: 업무보고 및 협의 | E106: PASS전략파트너 개발 관련 업무보고 및 협의 - 내부/외부 회의 및 협의 | F106: =VLOOKUP(D106,[3]CSR!$D$4:$E$1159,2,FALSE) -> CSR_30600 | G106: 46094 | H106: 5 | I106: =H106*10/190 -> 0.26315789 | J106: 개발PM
A107: 3월 | B107: 서비스 품질관리 | C107: 서비스 운영 | D107: 업무보고 및 협의 | E107: PASS전략파트너 개발 관련 업무보고 및 협의 - 내부/외부 회의 및 협의 | F107: =VLOOKUP(D107,[3]CSR!$D$4:$E$1159,2,FALSE) -> CSR_30600 | G107: 46101 | H107: 4 | I107: =H107*10/190 -> 0.21052632 | J107: 개발PM
A108: 3월 | B108: 서비스 품질관리 | C108: 서비스 운영 | D108: 업무보고 및 협의 | E108: PASS전략파트너 개발 관련 업무보고 및 협의 - 내부/외부 회의 및 협의 | F108: CSR_30600 | G108: 46080 | H108: 5 | I108: =H108*10/190 -> 0.26315789 | J108: 기획PM
A109: 3월 | B109: 서비스 품질관리 | C109: 서비스 운영 | D109: 업무보고 및 협의 | E109: PASS전략파트너 개발 관련 업무보고 및 협의 - 내부/외부 회의 및 협의 | F109: CSR_30600 | G109: 46087 | H109: 4 | I109: =H109*10/190 -> 0.21052632 | J109: 기획PM
A110: 3월 | B110: 서비스 품질관리 | C110: 서비스 운영 | D110: 업무보고 및 협의 | E110: PASS전략파트너 개발 관련 업무보고 및 협의 - 내부/외부 회의 및 협의 | F110: CSR_30600 | G110: 46094 | H110: 5 | I110: =H110*10/190 -> 0.26315789 | J110: 기획PM
A111: 3월 | B111: 서비스 품질관리 | C111: 서비스 운영 | D111: 업무보고 및 협의 | E111: PASS전략파트너 개발 관련 업무보고 및 협의 - 내부/외부 회의 및 협의 | F111: CSR_30600 | G111: 46101 | H111: 5 | I111: =H111*10/190 -> 0.26315789 | J111: 기획PM
A112: 3월 | B112: 신규사업 개발 | C112: 인증플랫폼 | D112: 통신업무 "안면인증" PASS 활용 기능 및 사업화 | E112: 안면인증 통계 고도화 - 데이터 추출기준 변경 및 기획서 수정 | F112: =VLOOKUP(D112,[4]CSR!$D$4:$E$1151,2,FALSE) -> CSR_40400 | G112: 46092 | H112: 2 | I112: =H112*10/190 -> 0.10526316 | J112: 기획자1
A113: 3월 | B113: 서비스 품질관리 | C113: 서비스 운영 | D113: VOC 처리, 대응 및 사용자 공지 | E113: 1. 모바일운전면허 확인서비스 장애 대응 (2/27~3/1) 2. 모바일운전면허 확인서비스 공지등록요청 (3회) 3. PASS전자고지 열람 오류 VOC - 개발팀 검토 요청 및 개선 방향 협의 | F113: =VLOOKUP(D113,[4]CSR!$D$4:$E$1151,2,FALSE) -> CSR_30300 | G113: 46098 | H113: 1 | I113: =H113*10/190 -> 0.052631579 | J113: 기획자1
A114: 3월 | B114: 신규사업 개발 | C114: 인증플랫폼 | D114: 모바일신분증 고도화 (라인업 확대_시민증 관광증) | E114: 모바일신분증 제3자제공 이용기관 리스트 - 가맹점 데이터 현행화 요청 및 웹뷰 제작 요청 | F114: =VLOOKUP(D114,[4]CSR!$D$4:$E$1151,2,FALSE) -> CSR_40300 | G114: 46099 | H114: 1 | I114: =H114*10/190 -> 0.052631579 | J114: 기획자1
A115: 3월 | B115: 서비스 품질관리 | C115: 서비스 운영 | D115: LGU+ 요청사항 대응 및 운영 | E115: 1. PASS지갑 운영 개선을 위한 데이터 추출 요청 2. IPMS 적용 현황 정리 및 공유 | F115: =VLOOKUP(D115,[4]CSR!$D$4:$E$1151,2,FALSE) -> CSR_30200 | G115: 46099 | H115: 1.5 | I115: =H115*10/190 -> 0.078947368 | J115: 기획자1
A116: 3월 | B116: 서비스 품질관리 | C116: 서비스 운영 | D116: 서비스 품질관리를 위한 내부 QA 진행 | E116: 1. 휴대폰결제 바코드 생성 오류 테스트 및 개발검토요청 2. 신분증검증 가맹점 표시 기준 확인 및 개발 확인요청 | F116: =VLOOKUP(D116,[4]CSR!$D$4:$E$1151,2,FALSE) -> CSR_30500 | G116: 46100 | H116: 1 | I116: =H116*10/190 -> 0.052631579 | J116: 기획자1
A117: 3월 | B117: 기능 고도화 | C117: PASS기능개발 | D117: ㄴ26년 3월 앱 배포 검수 | E117: 26년 3월 배포 준비 - DVT 수행, 관리자 데이터 세팅 및 CP 오류 문의 대응 - 3/10 서버 반영 테스트 및 모니터링 - 3/18 앱 배포 및 모니터링 | F117: =VLOOKUP(D117,[4]CSR!$D$4:$E$1151,2,FALSE) -> CSR_11409 | G117: 46101 | H117: 3 | I117: =H117*10/190 -> 0.15789474 | J117: 기획자1
A118: 3월 | B118: 신규사업 개발 | C118: 인증플랫폼 | D118: 모바일신분증 고도화 (라인업 확대_시민증 관광증) | E118: 모바일신분증 가맹점 표기 정책 수정 - 기획서 작성 및 개발검토요청 | F118: =VLOOKUP(D118,[4]CSR!$D$4:$E$1151,2,FALSE) -> CSR_40300 | G118: 46101 | H118: 1 | I118: =H118*10/190 -> 0.052631579 | J118: 기획자1
A119: 3월 | B119: 신규사업 개발 | C119: 인증플랫폼 | D119: PASS지갑 고도화 | E119: PASS전자고지 열람율 개선 고도화 검토 - 기획서 리뷰 및 PASS지갑 지원 가능 여부 검토요청 - 전자고지 검수 PUSH발송 테스트 및 확인요청 | F119: =VLOOKUP(D119,[4]CSR!$D$4:$E$1151,2,FALSE) -> CSR_40600 | G119: 46101 | H119: 2 | I119: =H119*10/190 -> 0.10526316 | J119: 기획자1
A120: 3월 | B120: 신규사업 개발 | C120: 인증플랫폼 | D120: 통신업무 "안면인증" PASS 활용 기능 및 사업화 | E120: MIS 선택 업데이트 기능 추가 - 기획 리뷰 및 기획서 수정, 개발검토, MIS 문의 | F120: =VLOOKUP(D120,[4]CSR!$D$4:$E$1151,2,FALSE) -> CSR_40400 | G120: 46101 | H120: 2 | I120: =H120*10/190 -> 0.10526316 | J120: 기획자1
A121: 3월 | B121: 서비스 품질관리 | C121: 서비스 운영 | D121: CP 파트너십 관리 (PASS 앱 기획, 디자인, 개발 가이드) | E121: 1. PASS지갑 가입 계좌인증 및 검수기 등록 요청 대응 (3/16) 2. PASS지갑 안드로이드 타겟 버전 상향 영향도 확인 (2/24) | F121: =VLOOKUP(D121,[4]CSR!$D$4:$E$1151,2,FALSE) -> CSR_30000 | G121: 46101 | H121: 1 | I121: =H121*10/190 -> 0.052631579 | J121: 기획자1
A122: 3월 | B122: 서비스 품질관리 | C122: 서비스 운영 | D122: LGU+ 요청사항 대응 및 운영 | E122: 1. MASA 신분증결제 이벤트 당첨자 검증 (2/24) 2. 안면인증 실패 통계 주차 별 공유 (2월 3주~3월 3주) 3. 모바일운전면허 갱신 정책 개발 검토요청 (3/9) 4. 안면인증 등록 성공율 기준 검토요청 (3/13) 5. 모바일운전면허 개인정보 수집 현황 확인요청 (3/17) 6. 주민등록모바일확인서비스 화면 현행화 및 정리 (3/20) 7. 모바일신분증 IMSI 이슈 검토요청 (3/20) | F122: =VLOOKUP(D122,[4]CSR!$D$4:$E$1151,2,FALSE) -> CSR_30200 | G122: 46101 | H122: 3.5 | I122: =H122*10/190 -> 0.18421053 | J122: 기획자1
A123: 2월 | B123: 서비스 품질관리 | C123: 서비스 운영 | D123: CP 파트너십 관리 (PASS 앱 기획, 디자인, 개발 가이드) | E123: 금융혜택 - 광고 배너 타입 변경(2/26) 셀로 - 시스템 작업 관련 대응 | F123: =VLOOKUP(D123,[5]CSR!$D$4:$E$1158,2,FALSE) -> CSR_30000 | G123: 46079 | H123: 0.3 | I123: =H123*10/190 -> 0.015789474 | J123: 기획자2
A124: 3월 | B124: 기능 고도화 | C124: PASS기능개발 | D124: PASS 주소록 기능 개발 | E124: PASS주소록 - 기획서 업데이트 - CP사&개발 문의 대응 - 서비스 약관 어드민 세팅 - 문서 공유 기능 관련 이슈 대응 | F124: =VLOOKUP(D124,[5]CSR!$D$4:$E$1158,2,FALSE) -> CSR_10800 | G124: 46085 | H124: 2 | I124: =H124*10/190 -> 0.10526316 | J124: 기획자2
A125: 3월 | B125: 기능 고도화 | C125: PASS기능개발 | D125: ㄴ계좌인증 금융기관 선택 화면 현행화 | E125: 계좌점유인증(3월) - 금융기관 리스트 U+ 협의 - 금융기관 리스트 현행화(w.RP,인증서 서버) | F125: =VLOOKUP(D125,[5]CSR!$D$4:$E$1158,2,FALSE) -> CSR_11303 | G125: 46092 | H125: 1 | I125: =H125*10/190 -> 0.052631579 | J125: 기획자2
A126: 3월 | B126: 신규사업 개발 | C126: 신규서비스개발 | D126: ㄴPASS클라우드 | E126: PASS클라우드 - 기획서 업데이트 - 클라우드 서비스 관련 미팅(w.오션블루) - CP사&개발 문의 대응 | F126: =VLOOKUP(D126,[5]CSR!$D$4:$E$1158,2,FALSE) -> CSR_41103 | G126: 46094 | H126: 2 | I126: =H126*10/190 -> 0.10526316 | J126: 기획자2
A127: 3월 | B127: 신규사업 개발 | C127: 신규서비스개발 | D127: ㄴ오늘의 게임 | E127: 오늘의 게임 - 기획서 업데이트 - CP사&개발 문의 대응 | F127: =VLOOKUP(D127,[5]CSR!$D$4:$E$1158,2,FALSE) -> CSR_41104 | G127: 46094 | H127: 2 | I127: =H127*10/190 -> 0.10526316 | J127: 기획자2
A128: 3월 | B128: 기능 고도화 | C128: PASS기능개발 | D128: PASS MY 화면 고도화 | E128: MY - 고도화 - 기획서 업데이트(U+ 추가 요건 반영) - 관련 디자인 요청 및 검수 - 기획 리뷰 1차 - 일반부가서비스 상세 확인(w.미디어로그) | F128: =VLOOKUP(D128,[5]CSR!$D$4:$E$1158,2,FALSE) -> CSR_10400 | G128: 46099 | H128: 3 | I128: =H128*10/190 -> 0.15789474 | J128: 기획자2
A129: 3월 | B129: 기능 고도화 | C129: PASS기능개발 | D129: PASS 주소록 기능 개발 | E129: PASS주소록 - 고도화 - 기획서 업데이트 - 공유 시트 디자인 검수 및 수정 - CP사 개발 요건 및 일정 협의 | F129: =VLOOKUP(D129,[5]CSR!$D$4:$E$1158,2,FALSE) -> CSR_10800 | G129: 46099 | H129: 2 | I129: =H129*10/190 -> 0.10526316 | J129: 기획자2
A130: 3월 | B130: 기능 고도화 | C130: PASS기능개발 | D130: PASS MY 화면 고도화 | E130: MY·전체메뉴 통합 개편 - 기획서 수정 - CP사&개발 문의 대응 - 일반 부가서비스 세팅 및 테스트 - 맞춤정보 영역 아이콘 변경 | F130: =VLOOKUP(D130,[5]CSR!$D$4:$E$1158,2,FALSE) -> CSR_10400 | G130: 46099 | H130: 1.5 | I130: =H130*10/190 -> 0.078947368 | J130: 기획자2
A131: 3월 | B131: 기능 고도화 | C131: PASS기능개발 | D131: ㄴ애드몹 광고형식 추가 | E131: 애드몹 광고형식 추가 - 기획서 초안 작성 및 개발 검토 요청 - 기획서 업데이트(광고 노출 제어 기능 추가) | F131: =VLOOKUP(D131,[5]CSR!$D$4:$E$1158,2,FALSE) -> CSR_11311 | G131: 46100 | H131: 0.2 | I131: =H131*10/190 -> 0.010526316 | J131: 기획자2
A132: 3월 | B132: 기능 고도화 | C132: PASS기능개발 | D132: ㄴ계좌인증 금융기관 선택 화면 현행화 | E132: 계좌점유인증 uiux개편(6월) - 금융기관 선택 화면 디자인 검수 및 U+ 협의 - 금융기관 리스트 현행화 요청(w.RP,인증서 서버) | F132: =VLOOKUP(D132,[5]CSR!$D$4:$E$1158,2,FALSE) -> CSR_11303 | G132: 46101 | H132: 0.3 | I132: =H132*10/190 -> 0.015789474 | J132: 기획자2
A133: 3월 | B133: 신규사업 개발 | C133: 신규서비스개발 | D133: ㄴPASS클라우드 | E133: PASS클라우드 - 기획서 업데이트 - CP사 기획서 및 SDK 검토 - 기획 리뷰 1차 - CP사&개발 문의 대응 | F133: =VLOOKUP(D133,[5]CSR!$D$4:$E$1158,2,FALSE) -> CSR_41103 | G133: 46101 | H133: 2 | I133: =H133*10/190 -> 0.10526316 | J133: 기획자2
A134: 3월 | B134: 신규사업 개발 | C134: B2G서비스 연동 | D134: KAIT 명의도용방지서비스(M-safer) 고도화 | E134: 명의도용방지 - 알뜰폰 사업자리스트 현행화 F/U | F134: =VLOOKUP(D134,[5]CSR!$D$4:$E$1158,2,FALSE) -> CSR_40000 | G134: 46101 | H134: 0.2 | I134: =H134*10/190 -> 0.010526316 | J134: 기획자2
A135: 3월 | B135: 기능 고도화 | C135: PASS기능개발 | D135: PASS 앱인앱 고도화 (웹뷰 고도화) | E135: 인앱브라우저 - 기획서 업데이트 - 기획 요건 U+ 협의 - 기능 관련 개발 문의 대응 | F135: =VLOOKUP(D135,[5]CSR!$D$4:$E$1158,2,FALSE) -> CSR_10700 | G135: 46101 | H135: 1 | I135: =H135*10/190 -> 0.052631579 | J135: 기획자2
A136: 3월 | B136: 기능 고도화 | C136: PASS기능개발 | D136: PASS 로그인 방식 개선 (정책 강화 등) | E136: PIN 인증 방식 전환 - 기획서 수정 및 개발 문의 대응 | F136: =VLOOKUP(D136,[4]CSR!$D$4:$E$1151,2,FALSE) -> CSR_11000 | G136: 46101 | H136: 1.5 | I136: =H136*10/190 -> 0.078947368 | J136: 기획자2
A137: 3월 | B137: 마케팅 | C137: 마케팅 관련 고도화 및 지원 | D137: GA4 컨텐츠 그룹핑 반영 및 운영 지원 | E137: 26년 3월 업데이트용 GA4태깅 검수 - 검수 태깅 적용 테스트 및 수정 요청 | F137: =VLOOKUP(D137,[6]CSR!$D$4:$E$1159,2,FALSE) -> CSR_20400 | G137: 46084 | H137: 1 | I137: =H137*10/190 -> 0.052631579 | J137: 기획자3
A138: 3월 | B138: 서비스 품질관리 | C138: 서비스 운영 | D138: LGU+ 요청사항 대응 및 운영 | E138: 서비스 무료 가입자 지표 공유 - 2월 서베이 및 일반 무료서비스 가입자 현황 | F138: =VLOOKUP(D138,[6]CSR!$D$4:$E$1159,2,FALSE) -> CSR_30200 | G138: 46086 | H138: 0.5 | I138: =H138*10/190 -> 0.026315789 | J138: 기획자3
A139: 3월 | B139: 마케팅 | C139: 마케팅 관련 고도화 및 지원 | D139: PASS머니 고도화 및 운영 지원 | E139: PASS머니 잔액 보유 고객 탈퇴 프로세스 개선 - 상용 반영 및 모니터링 | F139: =VLOOKUP(D139,[6]CSR!$D$4:$E$1159,2,FALSE) -> CSR_20200 | G139: 46091 | H139: 0.5 | I139: =H139*10/190 -> 0.026315789 | J139: 기획자3
A140: 3월 | B140: 기능 고도화 | C140: PASS기능개발 | D140: PASS 공통 화면 개선 (모달형태 약관 화면 적용, 알림팝업 적용 등) | E140: 유·무료 서비스 동의화면 개선 - CP 상용 환경 반영 요청 및 검수 | F140: =VLOOKUP(D140,[6]CSR!$D$4:$E$1159,2,FALSE) -> CSR_11100 | G140: 3월 12일 | H140: 0.5 | I140: =H140*10/190 -> 0.026315789 | J140: 기획자3
A141: 3월 | B141: 마케팅 | C141: PASS활성화 이벤트 | D141: (기타) 부가서비스 이벤트 지원 | E141: 투데이 이벤트 운영 지원 - 검수 배너 세팅 및 테스트 - 상용 배너 오픈 | F141: =VLOOKUP(D141,[6]CSR!$D$4:$E$1159,2,FALSE) -> CSR_20100 | G141: 46097 | H141: 0.5 | I141: =H141*10/190 -> 0.026315789 | J141: 기획자3
A142: 3월 | B142: 마케팅 | C142: PASS활성화 이벤트 | D142: (기타) 부가서비스 이벤트 지원 | E142: 펫키퍼 이벤트 운영 지원 - 검수 배너 세팅 및 테스트 | F142: =VLOOKUP(D142,[6]CSR!$D$4:$E$1159,2,FALSE) -> CSR_20100 | G142: 46097 | H142: 0.5 | I142: =H142*10/190 -> 0.026315789 | J142: 기획자3
A143: 3월 | B143: 마케팅 | C143: PASS활성화 이벤트 | D143: (기타) 부가서비스 이벤트 지원 | E143: 웹툰 이벤트 운영 지원 - 2월 출석체크 이벤트 관련 PUSH 데이터 공유 | F143: =VLOOKUP(D143,[6]CSR!$D$4:$E$1159,2,FALSE) -> CSR_20100 | G143: 46097 | H143: 0.5 | I143: =H143*10/190 -> 0.026315789 | J143: 기획자3
A144: 3월 | B144: 마케팅 | C144: PASS활성화 이벤트 | D144: (상시) PASS앱 이벤트 실행·효과분석 | E144: 2월 PASS 마케팅 및 PUSH 지표 작성 - PUSH 지표 작성 및 현황 보고 | F144: =VLOOKUP(D144,[6]CSR!$D$4:$E$1159,2,FALSE) -> CSR_20000 | G144: 46097 | H144: 1.5 | I144: =H144*10/190 -> 0.078947368 | J144: 기획자3
A145: 3월 | B145: 마케팅 | C145: PASS활성화 이벤트 | D145: (상시) PASS앱 이벤트 실행·효과분석 | E145: 2월 PASS 서비스 품질지표 작성 - GA 지표 작성 및 보고 | F145: =VLOOKUP(D145,[6]CSR!$D$4:$E$1159,2,FALSE) -> CSR_20000 | G145: 46097 | H145: 1.5 | I145: =H145*10/190 -> 0.078947368 | J145: 기획자3
A146: 3월 | B146: 서비스 품질관리 | C146: 서비스 운영 | D146: LGU+ 요청사항 대응 및 운영 | E146: 2월 PASS PV 및 체류시간 데이터 취합 - CP사 데이터 취합 및 유플러스 전달 - PUSH 데이터 추가 전달 요청 및 취합 | F146: =VLOOKUP(D146,[6]CSR!$D$4:$E$1159,2,FALSE) -> CSR_30200 | G146: 46097 | H146: 1.5 | I146: =H146*10/190 -> 0.078947368 | J146: 기획자3
A147: 3월 | B147: 기능 고도화 | C147: PASS기능개발 | D147: PASS 공통 화면 개선 (모달형태 약관 화면 적용, 알림팝업 적용 등) | E147: 앱 업데이트 완료 후 서비스 진입 로직 개선 - 기획서 작성 및 리뷰 - 유플러스 요건 협의 | F147: =VLOOKUP(D147,[6]CSR!$D$4:$E$1159,2,FALSE) -> CSR_11100 | G147: 46097 | H147: 1 | I147: =H147*10/190 -> 0.052631579 | J147: 기획자3
A148: 3월 | B148: 서비스 품질관리 | C148: 서비스 운영 | D148: CP 파트너십 관리 (PASS 앱 기획, 디자인, 개발 가이드) | E148: 휴대폰결제 GA4 적용 관련 문의 대응 - 개발 문의 대응 - 개발 가이드 문서 공유 | F148: =VLOOKUP(D148,[6]CSR!$D$4:$E$1159,2,FALSE) -> CSR_30000 | G148: 46099 | H148: 1 | I148: =H148*10/190 -> 0.052631579 | J148: 기획자3
A149: 3월 | B149: 마케팅 | C149: PASS활성화 이벤트 | D149: ㄴ주소록 오픈 이벤트 | E149: 주소록 오픈 이벤트 - 기획서 작성 및 사업팀 검토 요청 - 디자인, 퍼블, 개발 검수 - 이벤트 배너 기획 | F149: =VLOOKUP(D149,[6]CSR!$D$4:$E$1159,2,FALSE) -> CSR_20006 | G149: 46100 | H149: 1.5 | I149: =H149*10/190 -> 0.078947368 | J149: 기획자3
A150: 3월 | B150: 기능 고도화 | C150: PASS기능개발 | D150: PASS 공통 화면 개선 (모달형태 약관 화면 적용, 알림팝업 적용 등) | E150: 유/무료 서비스 동의화면 개선(잔여) - 기획서 작성 - 개발 문의 대응 | F150: =VLOOKUP(D150,[6]CSR!$D$4:$E$1159,2,FALSE) -> CSR_11100 | G150: 46100 | H150: 1 | I150: =H150*10/190 -> 0.052631579 | J150: 기획자3
A151: 3월 | B151: 마케팅 | C151: PASS활성화 이벤트 | D151: ㄴPASS 전자고지 활성화 이벤트 | E151: PASS 전자고지 활성화 이벤트 - 당첨자 발표 기획서 작성 - 디자인, 퍼블 요청 및 검수 - 응모자 추출 요청 및 서비스 가입 여부 확인 요청(인증서, 전자고지) | F151: =VLOOKUP(D151,[6]CSR!$D$4:$E$1159,2,FALSE) -> CSR_20005 | G151: 46101 | H151: 1.5 | I151: =H151*10/190 -> 0.078947368 | J151: 기획자3
A152: 3월 | B152: 마케팅 | C152: 마케팅 관련 고도화 및 지원 | D152: PASS머니 고도화 및 운영 지원 | E152: PASS머니 페이백쇼핑 이벤트 홍보 지원 - 주별 PUSH 발송 및 데이터 공유 | F152: =VLOOKUP(D152,[6]CSR!$D$4:$E$1159,2,FALSE) -> CSR_20200 | G152: 46101 | H152: 1 | I152: =H152*10/190 -> 0.052631579 | J152: 기획자3
... A154: 3월 | B154: 서비스 품질관리 | C154: 서비스 운영 | D154: 금융광고 관리 (PASS 앱 기획, 디자인, 개발 가이드) | E154: 오버테이크 요청사항 대응 - 광고주 팝업 및 인증완료 배너 운영 지원 및 지표 공유 - 대출비교 3월 프로모션 운영 지원 - 여행 서비스 제휴 광고 운영 지원 | F154: =VLOOKUP(D154,[6]CSR!$D$4:$E$1159,2,FALSE) -> CSR_30100 | G154: 46101 | H154: 1.5 | I154: =H154*10/190 -> 0.078947368 | J154: 기획자3
A155: 3월 | B155: 기능 고도화 | C155: PASS기능개발 | D155: ㄴ JWT 도입에 따른 앱 진입/인증 흐름 개선 | E155: JWT 도입에 따른 현 프로세스 정리 - 신분증, 본인확인, 휴대폰결제 프로세스 확인 | F155: =VLOOKUP(D155,[6]CSR!$D$4:$E$1159,2,FALSE) -> CSR_11002 | G155: 3월 9일 | H155: 3 | I155: =H155*10/190 -> 0.15789474 | J155: 기획자4
A156: 3월 | B156: 기능 고도화 | C156: PASS기능개발 | D156: ㄴ JWT 도입에 따른 앱 진입/인증 흐름 개선 | E156: JWT 도입에 따른 현 프로세스 정리 - 신분증, 본인확인, 휴대폰결제 프로세스 확인 | F156: =VLOOKUP(D156,[6]CSR!$D$4:$E$1159,2,FALSE) -> CSR_11002 | G156: 3월 17일 | H156: 4 | I156: =H156*10/190 -> 0.21052632 | J156: 기획자4
A157: 3월 | B157: 기능 고도화 | C157: PASS기능개발 | D157: ㄴ JWT 도입에 따른 앱 진입/인증 흐름 개선 | E157: JWT 도입에 따른 현 프로세스 정리 - 신분증, 본인확인, 휴대폰결제 프로세스 확인 | F157: =VLOOKUP(D157,[6]CSR!$D$4:$E$1159,2,FALSE) -> CSR_11002 | G157: 3월 18일 | H157: 4 | I157: =H157*10/190 -> 0.21052632 | J157: 기획자4
A158: 3월 | B158: 신규사업 개발 | C158: 신규서비스개발 | D158: ㄴ마인드케어 프리미엄 | E158: 마인드케어프리미엄 서비스 연동 - 상용 어드민 세팅 - CP 상용 테스트 관련 세팅 지원 | F158: =VLOOKUP(D158,[6]CSR!$D$4:$E$1159,2,FALSE) -> CSR_41101 | G158: 46101 | H158: 2 | I158: =H158*10/190 -> 0.10526316 | J158: 기획자4
A159: 3월 | B159: 신규사업 개발 | C159: 신규서비스개발 | D159: ㄴ에코혜택모아 | E159: 에코혜택모아 서비스 연동 - 상용 어드민 세팅 - CP 상용 테스트 관련 세팅 지원 | F159: =VLOOKUP(D159,[6]CSR!$D$4:$E$1159,2,FALSE) -> CSR_41102 | G159: 46101 | H159: 2 | I159: =H159*10/190 -> 0.10526316 | J159: 기획자4
A160: 3월 | B160: 서비스 품질관리 | C160: 시스템 운영 | D160: 장애대응 공지메뉴 추가 (VAS 어드민) | E160: VAS 메뉴 확인 및 기획서 작성 | F160: =VLOOKUP(D160,[6]CSR!$D$4:$E$1159,2,FALSE) -> CSR_30900 | G160: 46101 | H160: 2 | I160: =H160*10/190 -> 0.10526316 | J160: 기획자4
A161: 3월 | B161: 서비스 품질관리 | C161: 서비스 운영 | D161: CP 파트너십 관리 (PASS 앱 기획, 디자인, 개발 가이드) | E161: 신용관리, 부동산지키미 - 약관 공지 요청 (3/13) - 약관 변경 (3/20) | F161: =VLOOKUP(D161,[6]CSR!$D$4:$E$1159,2,FALSE) -> CSR_30000 | G161: 46101 | H161: 1 | I161: =H161*10/190 -> 0.052631579 | J161: 기획자4
A162: 3월 | B162: 서비스 품질관리 | C162: 서비스 운영 | D162: CP 파트너십 관리 (PASS 앱 기획, 디자인, 개발 가이드) | E162: 1. 펫신분증 IP 추가 관련 개발검토요청 및 문의 대응 '2. 펫신분증 출입QR 생성 오류 테스트 및 확인 요청 | F162: =VLOOKUP(D162,[4]CSR!$D$4:$E$1151,2,FALSE) -> CSR_30000 | G162: 46101 | H162: 1 | I162: =H162*10/190 -> 0.052631579 | J162: 기획자4
A163: 2월 | B163: 기능 고도화 | C163: PASS기능개발 | D163: PASS 주소록 기능 개발 | E163: PASS 주소록 리소스 수정 | F163: =VLOOKUP(D163,[3]CSR!$D$4:$E$1159,2,FALSE) -> CSR_10800 | G163: 2월 23일 | H163: 3 | I163: =H163*10/190 -> 0.15789474 | J163: 디자이너1
A164: 2월 | B164: 기능 고도화 | C164: PASS기능개발 | D164: ㄴ하단GNB 개편 | E164: 하단 GNB 메뉴 추가 | F164: =VLOOKUP(D164,[3]CSR!$D$4:$E$1159,2,FALSE) -> CSR_11306 | G164: 2월 25일 | H164: 1 | I164: =H164*10/190 -> 0.052631579 | J164: 디자이너1
A165: 2월 | B165: 기능 고도화 | C165: PASS기능개발 | D165: ㄴ26년 3월 앱 배포 검수 | E165: 앱스토어 스크린샷 현행화 | F165: =VLOOKUP(D165,[3]CSR!$D$4:$E$1159,2,FALSE) -> CSR_11409 | G165: 2월 27일 | H165: 4 | I165: =H165*10/190 -> 0.21052632 | J165: 디자이너1
A166: 2월 | B166: 서비스 품질관리 | C166: 서비스 운영 | D166: LGU+ 요청사항 대응 및 운영 | E166: 서비스 아이콘 추가(여행) | F166: =VLOOKUP(D166,[3]CSR!$D$4:$E$1159,2,FALSE) -> CSR_30200 | G166: 2월 27일 | H166: 2 | I166: =H166*10/190 -> 0.10526316 | J166: 디자이너1
A167: 3월 | B167: 신규사업 개발 | C167: 인증플랫폼 | D167: 휴대폰결제 고도화 | E167: 휴대폰결제 QR 바텀시트 수정 | F167: =VLOOKUP(D167,[3]CSR!$D$4:$E$1159,2,FALSE) -> CSR_40700 | G167: 3월 11일 | H167: 1 | I167: =H167*10/190 -> 0.052631579 | J167: 디자이너1
A168: 3월 | B168: 신규사업 개발 | C168: 인증플랫폼 | D168: 신분증결제 고도화 | E168: 신분증결제 QR 바텀시트 수정 | F168: =VLOOKUP(D168,[3]CSR!$D$4:$E$1159,2,FALSE) -> CSR_40800 | G168: 3월 11일 | H168: 1 | I168: =H168*10/190 -> 0.052631579 | J168: 디자이너1
A169: 3월 | B169: 기능 고도화 | C169: PASS기능개발 | D169: ㄴ계좌인증 금융기관 선택 화면 현행화 | E169: 인앱 브라우저 내 공유하기 디자인 | F169: =VLOOKUP(D169,[3]CSR!$D$4:$E$1159,2,FALSE) -> CSR_11303 | G169: 3월 16일 | H169: 1 | I169: =H169*10/190 -> 0.052631579 | J169: 디자이너1
A170: 3월 | B170: 기능 고도화 | C170: PASS기능개발 | D170: ㄴ계좌인증 금융기관 선택 화면 현행화 | E170: 계좌인증 금융기관 선택 UI 개선 | F170: =VLOOKUP(D170,[3]CSR!$D$4:$E$1159,2,FALSE) -> CSR_11303 | G170: 3월 19일 | H170: 3 | I170: =H170*10/190 -> 0.15789474 | J170: 디자이너1
A171: 3월 | B171: 기능 고도화 | C171: PASS기능개발 | D171: PASS MY 화면 고도화 | E171: - MY 맞춤정보 icon 수정 - red dot 추가 - 부가서비스 하단 텍스트 추가 | F171: =VLOOKUP(D171,[3]CSR!$D$4:$E$1159,2,FALSE) -> CSR_10400 | G171: 3월 20일 | H171: 3 | I171: =H171*10/190 -> 0.15789474 | J171: 디자이너1
A172: 2월 | B172: 기능 고도화 | C172: PASS기능개발 | D172: ㄴ26년 3월 앱 배포 검수 | E172: 앱스토어 스크린샷 현행화 | F172: =VLOOKUP(D172,[3]CSR!$D$4:$E$1159,2,FALSE) -> CSR_11409 | G172: 2월 15일 | H172: 3 | I172: =H172*10/190 -> 0.15789474 | J172: 디자이너2
A173: 3월 | B173: 기능 고도화 | C173: PASS기능개발 | D173: ㄴPASS 전자고지 활성화 이벤트 | E173: 당첨자 페이지 디자인 | F173: =VLOOKUP(D173,[3]CSR!$D$4:$E$1159,2,FALSE) -> CSR_20005 | G173: 3월 16일 | H173: 3 | I173: =H173*10/190 -> 0.15789474 | J173: 디자이너2
A174: 3월 | B174: 기능 고도화 | C174: PASS기능개발 | D174: (기타) 부가서비스 이벤트 지원 | E174: 주소록 이벤트 디자인 | F174: =VLOOKUP(D174,[3]CSR!$D$4:$E$1159,2,FALSE) -> CSR_20100 | G174: 3월 18일 | H174: 4 | I174: =H174*10/190 -> 0.21052632 | J174: 디자이너2
... A176: 3월 | B176: 기능 고도화 | C176: PASS기능개발 | D176: PASS 주소록 기능 개발 | E176: 주소록 공유하기 간편 시트 | F176: =VLOOKUP(D176,[3]CSR!$D$4:$E$1159,2,FALSE) -> CSR_10800 | G176: 3월 6일 | H176: 3 | I176: =H176*10/190 -> 0.15789474 | J176: 디자이너2
...

Sheet 26년02월
A1: 월 | B1: 구분 | C1: 중점추진과제 | D1: 상세추진과제 | E1: 상세 추진 내용 | F1: CSR ID | G1: 완료일시 | H1: 투입M/D | I1: 투입M/M | J1: 처리자 | K1: 비고
A2: 1월 | B2: 기능 고도화 | C2: PASS기능개발 | D2: ㄴ26년 2월 앱 긴급 배포 검수 | E2: PASS앱 2월 긴급 배포 CVT 대응 (ALMS버전 등록 및 이슈 대응, 내부 추가 테스트) - AOS | F2: =VLOOKUP(D2,CSR!$D$4:$E$1180,2,FALSE) -> CSR_11408 | G2: 46052 | H2: 3 | I2: =H2*10/190 -> 0.15789474 | J2: Android개발자1
A3: 1월 | B3: 서비스 품질관리 | C3: 서비스 운영 | D3: CP 파트너십 관리 (PASS 앱 기획, 디자인, 개발 가이드) | E3: 앱전달 요청 대응 - 데이사이드, 품질팀, 보안팀 | F3: =VLOOKUP(D3,CSR!$D$4:$E$1180,2,FALSE) -> CSR_30000 | G3: 46052 | H3: 1 | I3: =H3*10/190 -> 0.052631579 | J3: Android개발자1
A4: 1월 | B4: 서비스 품질관리 | C4: 서비스 운영 | D4: LGU+ 요청사항 대응 및 운영 | E4: PASS앱 개인정보 삭제/파기 정책 현황 확인 대응 - AOS | F4: =VLOOKUP(D4,CSR!$D$4:$E$1180,2,FALSE) -> CSR_30200 | G4: 46052 | H4: 1 | I4: =H4*10/190 -> 0.052631579 | J4: Android개발자1
A5: 2월 | B5: 기능 고도화 | C5: PASS기능개발 | D5: ㄴ26년 2월 앱 긴급 배포 검수 | E5: PASS앱 2월 긴급 배포 대응 (스토어 배포 및 테스트/모니터링) - AOS | F5: =VLOOKUP(D5,CSR!$D$4:$E$1180,2,FALSE) -> CSR_11408 | G5: 46059 | H5: 3 | I5: =H5*10/190 -> 0.15789474 | J5: Android개발자1
A6: 2월 | B6: 서비스 품질관리 | C6: 서비스 운영 | D6: CP 파트너십 관리 (PASS 앱 기획, 디자인, 개발 가이드) | E6: 앱전달 요청 대응 - 우연컴퍼니, 휴대폰결제, 헥토, 인포바인, 와이즈솔루션 | F6: =VLOOKUP(D6,CSR!$D$4:$E$1180,2,FALSE) -> CSR_30000 | G6: 46059 | H6: 2 | I6: =H6*10/190 -> 0.10526316 | J6: Android개발자1
A7: 2월 | B7: 기능 고도화 | C7: PASS기능개발 | D7: ㄴ26년 3월 앱 배포 검수 | E7: 3월 배포 DVT 이슈 대응 - 유/무료 서비스 동의화면 개선, PASS인증서 | F7: =VLOOKUP(D7,CSR!$D$4:$E$1180,2,FALSE) -> CSR_11409 | G7: 46066 | H7: 3 | I7: =H7*10/190 -> 0.15789474 | J7: Android개발자1
A8: 2월 | B8: 서비스 품질관리 | C8: 서비스 운영 | D8: CP 파트너십 관리 (PASS 앱 기획, 디자인, 개발 가이드) | E8: 앱전달 요청 대응 - 오버테이크, 오피스, 더치트, 비디젠 | F8: =VLOOKUP(D8,CSR!$D$4:$E$1180,2,FALSE) -> CSR_30000 | G8: 46066 | H8: 2 | I8: =H8*10/190 -> 0.10526316 | J8: Android개발자1
A9: 2월 | B9: 기능 고도화 | C9: PASS기능개발 | D9: ㄴ26년 3월 앱 배포 검수 | E9: 3월 배포 DVT 이슈 대응 및 소스 점검 - PASS 주소록 | F9: =VLOOKUP(D9,CSR!$D$4:$E$1180,2,FALSE) -> CSR_11409 | G9: 46066 | H9: 4 | I9: =H9*10/190 -> 0.21052632 | J9: Android개발자1
A10: 1월 | B10: 기능 고도화 | C10: PASS기능개발 | D10: PASS 주소록 기능 개발 | E10: PASS 주소록 추가 개발 - AOS | F10: =VLOOKUP(D10,CSR!$D$4:$E$1180,2,FALSE) -> CSR_10800 | G10: 46052 | H10: 3 | I10: =H10*10/190 -> 0.15789474 | J10: Android개발자2
A11: 1월 | B11: 기능 고도화 | C11: PASS기능개발 | D11: 서비스 개발 | E11: 3월 이동규격 H/I 규격 추가 개발 - AOS | F11: =VLOOKUP(D11,CSR!$D$4:$E$1180,2,FALSE) -> CSR_11300 | G11: 46052 | H11: 2 | I11: =H11*10/190 -> 0.10526316 | J11: Android개발자2
A12: 2월 | B12: 기능 고도화 | C12: PASS기능개발 | D12: PASS 주소록 기능 개발 | E12: PASS 주소록 추가 개발 - AOS | F12: =VLOOKUP(D12,CSR!$D$4:$E$1180,2,FALSE) -> CSR_10800 | G12: 46059 | H12: 3 | I12: =H12*10/190 -> 0.15789474 | J12: Android개발자2
A13: 2월 | B13: 신규사업 개발 | C13: 인증플랫폼 | D13: 모바일신분증 고도화 (라인업 확대_시민증 관광증) | E13: 모바일운전면허 OCR 보안 취약점 패치 - AOS | F13: =VLOOKUP(D13,CSR!$D$4:$E$1180,2,FALSE) -> CSR_40300 | G13: 46059 | H13: 1 | I13: =H13*10/190 -> 0.052631579 | J13: Android개발자2
... A76: 2월 | B76: 기능 고도화 | C76: PASS기능개발 | D76: ㄴ26년 2월 앱 긴급 배포 검수 | E76: 26년 2월 긴급 배포 준비 - 검수/상용 환경 검증 - 앱 배포 후 모니터링 | F76: =VLOOKUP(D76,CSR!$D$4:$E$1180,2,FALSE) -> CSR_11408 | G76: 46056 | H76: 4 | I76: =H76*10/190 -> 0.21052632 | J76: QA1
A77: 2월 | B77: 기능 고도화 | C77: PASS기능개발 | D77: ㄴ26년 3월 앱 배포 검수 | E77: 26년 3월 정기 배포 검수 준비 - 테스트케이스 설계 - 검수 테스트 환경 설정 | F77: =VLOOKUP(D77,CSR!$D$4:$E$1180,2,FALSE) -> CSR_11409 | G77: 2월 4일 | H77: 3 | I77: =H77*10/190 -> 0.15789474 | J77: QA1
A78: 2월 | B78: 기능 고도화 | C78: PASS기능개발 | D78: ㄴ26년 3월 앱 배포 검수 | E78: 26년 3월 정기 배포 검수 - DVT(검수 환경) 수행 | F78: =VLOOKUP(D78,CSR!$D$4:$E$1180,2,FALSE) -> CSR_11409 | G78: 2월 10일 | H78: 4 | I78: =H78*10/190 -> 0.21052632 | J78: QA1
A79: 2월 | B79: 기능 고도화 | C79: PASS기능개발 | D79: ㄴ26년 3월 앱 배포 검수 | E79: 26년 3월 정기 배포 검수 - DVT(검수 환경) 수행 | F79: =VLOOKUP(D79,CSR!$D$4:$E$1180,2,FALSE) -> CSR_11409 | G79: 2월 16일 | H79: 4 | I79: =H79*10/190 -> 0.21052632 | J79: QA1
A80: 2월 | B80: 기능 고도화 | C80: PASS기능개발 | D80: ㄴ26년 3월 앱 배포 검수 | E80: 26년 3월 정기 배포 검수 - DVT(검수 환경) 수행 | F80: =VLOOKUP(D80,CSR!$D$4:$E$1180,2,FALSE) -> CSR_11409 | G80: 2월 20일 | H80: 4 | I80: =H80*10/190 -> 0.21052632 | J80: QA1
A81: 2월 | B81: 기능 고도화 | C81: PASS기능개발 | D81: ㄴ26년 2월 앱 긴급 배포 검수 | E81: 26년 2월 긴급 배포 준비 - 검수/상용 환경 검증 - 앱 배포 후 모니터링 | F81: =VLOOKUP(D81,CSR!$D$4:$E$1180,2,FALSE) -> CSR_11408 | G81: 46056 | H81: 4 | I81: =H81*10/190 -> 0.21052632 | J81: QA2
A82: 2월 | B82: 기능 고도화 | C82: PASS기능개발 | D82: ㄴ26년 3월 앱 배포 검수 | E82: 26년 3월 정기 배포 검수 준비 - 테스트케이스 설계 - 검수 테스트 환경 설정 | F82: =VLOOKUP(D82,CSR!$D$4:$E$1180,2,FALSE) -> CSR_11409 | G82: 2월 4일 | H82: 3 | I82: =H82*10/190 -> 0.15789474 | J82: QA2
A83: 2월 | B83: 기능 고도화 | C83: PASS기능개발 | D83: ㄴ26년 3월 앱 배포 검수 | E83: 26년 3월 정기 배포 검수 - DVT(검수 환경) 수행 | F83: =VLOOKUP(D83,CSR!$D$4:$E$1180,2,FALSE) -> CSR_11409 | G83: 2월 10일 | H83: 4 | I83: =H83*10/190 -> 0.21052632 | J83: QA2
A84: 2월 | B84: 기능 고도화 | C84: PASS기능개발 | D84: ㄴ26년 3월 앱 배포 검수 | E84: 26년 3월 정기 배포 검수 - DVT(검수 환경) 수행 | F84: =VLOOKUP(D84,CSR!$D$4:$E$1180,2,FALSE) -> CSR_11409 | G84: 2월 16일 | H84: 4 | I84: =H84*10/190 -> 0.21052632 | J84: QA2
A85: 2월 | B85: 기능 고도화 | C85: PASS기능개발 | D85: ㄴ26년 3월 앱 배포 검수 | E85: 26년 3월 정기 배포 검수 - DVT(검수 환경) 수행 | F85: =VLOOKUP(D85,CSR!$D$4:$E$1180,2,FALSE) -> CSR_11409 | G85: 2월 20일 | H85: 4 | I85: =H85*10/190 -> 0.21052632 | J85: QA2
A86: 1월 | B86: 서비스 품질관리 | C86: 서비스 운영 | D86: 업무보고 및 협의 | E86: PASS전략파트너 개발 관련 업무보고 및 협의 - 내부/외부 회의 및 협의 | F86: =VLOOKUP(D86,CSR!$D$4:$E$1180,2,FALSE) -> CSR_30600 | G86: 46052 | H86: 5 | I86: =H86*10/190 -> 0.26315789 | J86: 개발PM
A87: 2월 | B87: 서비스 품질관리 | C87: 서비스 운영 | D87: 업무보고 및 협의 | E87: PASS전략파트너 개발 관련 업무보고 및 협의 - 내부/외부 회의 및 협의 | F87: =VLOOKUP(D87,CSR!$D$4:$E$1180,2,FALSE) -> CSR_30600 | G87: 46059 | H87: 5 | I87: =H87*10/190 -> 0.26315789 | J87: 개발PM
A88: 2월 | B88: 서비스 품질관리 | C88: 서비스 운영 | D88: 업무보고 및 협의 | E88: PASS전략파트너 개발 관련 업무보고 및 협의 - 내부/외부 회의 및 협의 | F88: =VLOOKUP(D88,CSR!$D$4:$E$1180,2,FALSE) -> CSR_30600 | G88: 46066 | H88: 5 | I88: =H88*10/190 -> 0.26315789 | J88: 개발PM
A89: 2월 | B89: 서비스 품질관리 | C89: 서비스 운영 | D89: 업무보고 및 협의 | E89: PASS전략파트너 개발 관련 업무보고 및 협의 - 내부/외부 회의 및 협의 | F89: =VLOOKUP(D89,CSR!$D$4:$E$1180,2,FALSE) -> CSR_30600 | G89: 46073 | H89: 4 | I89: =H89*10/190 -> 0.21052632 | J89: 개발PM
A90: 2월 | B90: 서비스 품질관리 | C90: 서비스 운영 | D90: 업무보고 및 협의 | E90: PASS전략파트너 개발 관련 업무보고 및 협의 - 내부/외부 회의 및 협의 | F90: =VLOOKUP(D90,CSR!$D$4:$E$1180,2,FALSE) -> CSR_30600 | G90: 46052 | H90: 5 | I90: =H90*10/190 -> 0.26315789 | J90: 기획PM
A91: 2월 | B91: 서비스 품질관리 | C91: 서비스 운영 | D91: 업무보고 및 협의 | E91: PASS전략파트너 개발 관련 업무보고 및 협의 - 내부/외부 회의 및 협의 | F91: =VLOOKUP(D91,CSR!$D$4:$E$1180,2,FALSE) -> CSR_30600 | G91: 46059 | H91: 5 | I91: =H91*10/190 -> 0.26315789 | J91: 기획PM
A92: 2월 | B92: 서비스 품질관리 | C92: 서비스 운영 | D92: 업무보고 및 협의 | E92: PASS전략파트너 개발 관련 업무보고 및 협의 - 내부/외부 회의 및 협의 | F92: =VLOOKUP(D92,CSR!$D$4:$E$1180,2,FALSE) -> CSR_30600 | G92: 46066 | H92: 5 | I92: =H92*10/190 -> 0.26315789 | J92: 기획PM
A93: 2월 | B93: 서비스 품질관리 | C93: 서비스 운영 | D93: 업무보고 및 협의 | E93: PASS전략파트너 개발 관련 업무보고 및 협의 - 내부/외부 회의 및 협의 | F93: =VLOOKUP(D93,CSR!$D$4:$E$1180,2,FALSE) -> CSR_30600 | G93: 46073 | H93: 4 | I93: =H93*10/190 -> 0.21052632 | J93: 기획PM
A94: 1월 | B94: 신규사업 개발 | C94: 인증플랫폼 | D94: 통신업무 "안면인증" PASS 활용 기능 및 사업화 | E94: MIS 선택 업데이트 기능 추가 - 기획서 작성 및 개발 검토 요청 | F94: =VLOOKUP(D94,CSR!$D$4:$E$1180,2,FALSE) -> CSR_40400 | G94: 46043 | H94: 2 | I94: =H94*10/190 -> 0.10526316 | J94: 기획자1
A95: 1월 | B95: 기능 고도화 | C95: PASS기능개발 | D95: PASS 로그인 방식 개선 (정책 강화 등) | E95: PIN 인증 방식 전환 - 기획서 작성 및 개발 검토 요청 | F95: =VLOOKUP(D95,CSR!$D$4:$E$1180,2,FALSE) -> CSR_11000 | G95: 46050 | H95: 3 | I95: =H95*10/190 -> 0.15789474 | J95: 기획자1
A96: 2월 | B96: 기능 고도화 | C96: PASS기능개발 | D96: ㄴ26년 3월 앱 배포 검수 | E96: 26년 3월 배포 준비 - 통합 화면설계서 및 CDR 문서 작성 - DVT 및 앱설명회, 검수앱 전달 | F96: =VLOOKUP(D96,CSR!$D$4:$E$1180,2,FALSE) -> CSR_11409 | G96: 46073 | H96: 2 | I96: =H96*10/190 -> 0.10526316 | J96: 기획자1
A97: 2월 | B97: 기능 고도화 | C97: PASS기능개발 | D97: ㄴ26년 2월 앱 긴급 배포 검수 | E97: 26년 2월 긴급 배포 준비 - CDR 문서 작성 및 검수 - 앱 배포 후 모니터링 | F97: =VLOOKUP(D97,CSR!$D$4:$E$1180,2,FALSE) -> CSR_11408 | G97: 46056 | H97: 1 | I97: =H97*10/190 -> 0.052631579 | J97: 기획자1
... A122: 1월 | B122: 마케팅 | C122: 마케팅 관련 고도화 및 지원 | D122: GA4 컨텐츠 그룹핑 반영 및 운영 지원 | E122: 26년 3월 업데이트용 GA4태깅 문서 작성 - GA4 태깅 문서 작성 및 개발 요청 | F122: =VLOOKUP(D122,CSR!$D$4:$E$1180,2,FALSE) -> CSR_20400 | G122: 46050 | H122: 1 | I122: =H122*10/190 -> 0.052631579 | J122: 기획자3
A123: 2월 | B123: 기능 고도화 | C123: PASS기능개발 | D123: PASS 공통 화면 개선 (모달형태 약관 화면 적용, 알림팝업 적용 등) | E123: 유·무료 서비스 동의화면 개선 - CP 개발서버 반영 사항 검수 및 수정 요청 | F123: =VLOOKUP(D123,CSR!$D$4:$E$1180,2,FALSE) -> CSR_11100 | G123: 2월 20일 | H123: 1 | I123: =H123*10/190 -> 0.052631579 | J123: 기획자3
A124: 2월 | B124: 마케팅 | C124: PASS활성화 이벤트 | D124: ㄴPASS 전자고지 활성화 이벤트 | E124: PASS 전자고지 활성화 이벤트 - 참여 홍보 PUSH 발송 | F124: =VLOOKUP(D124,CSR!$D$4:$E$1180,2,FALSE) -> CSR_20005 | G124: 46073 | H124: 1 | I124: =H124*10/190 -> 0.052631579 | J124: 기획자3
A125: 2월 | B125: 마케팅 | C125: PASS활성화 이벤트 | D125: (기타) 부가서비스 이벤트 지원 | E125: 웹툰 이벤트 운영 지원 - 검수 이벤트 배너 세팅 및 테스트 - 상용 이벤트 배너 오픈 - 홍보 PUSH 발송 | F125: =VLOOKUP(D125,CSR!$D$4:$E$1180,2,FALSE) -> CSR_20100 | G125: 46073 | H125: 1 | I125: =H125*10/190 -> 0.052631579 | J125: 기획자3
A126: 2월 | B126: 마케팅 | C126: 마케팅 관련 고도화 및 지원 | D126: PASS머니 고도화 및 운영 지원 | E126: PASS머니 잔액 보유 고객 탈퇴 프로세스 개선 - 개발 검수 - CP사 및 개발 문의 대응 | F126: =VLOOKUP(D126,CSR!$D$4:$E$1180,2,FALSE) -> CSR_20200 | G126: 46073 | H126: 1 | I126: =H126*10/190 -> 0.052631579 | J126: 기획자3
A127: 1월 | B127: 마케팅 | C127: PASS활성화 이벤트 | D127: ㄴGS25 신분증결제 오픈 이벤트 1차 | E127: GS25X신분증결제 오픈 이벤트(1차) 당첨자 발표 - 상용 페이지 오픈 - U+ 운영결과자료 공유 | F127: =VLOOKUP(D127,CSR!$D$4:$E$1180,2,FALSE) -> CSR_20003 | G127: 46052 | H127: 1.5 | I127: =H127*10/190 -> 0.078947368 | J127: 기획자3
A128: 2월 | B128: 마케팅 | C128: 마케팅 관련 고도화 및 지원 | D128: PASS머니 고도화 및 운영 지원 | E128: PASS머니 페이백쇼핑 이벤트 홍보 지원 - CP사 개발 문의 대응 - 주요서비스 icon 제작 지원 - 주별 PUSH 발송 지원 - 딥링크 생성 및 전달 | F128: =VLOOKUP(D128,CSR!$D$4:$E$1180,2,FALSE) -> CSR_20200 | G128: 46073 | H128: 1.5 | I128: =H128*10/190 -> 0.078947368 | J128: 기획자3
A129: 2월 | B129: 마케팅 | C129: PASS활성화 이벤트 | D129: (상시) PASS앱 이벤트 실행·효과분석 | E129: 1월 PASS 마케팅 및 PUSH 지표 작성 - PUSH 지표 작성 및 현황 보고 | F129: =VLOOKUP(D129,CSR!$D$4:$E$1180,2,FALSE) -> CSR_20000 | G129: 46063 | H129: 1.5 | I129: =H129*10/190 -> 0.078947368 | J129: 기획자3
A130: 2월 | B130: 마케팅 | C130: 마케팅 관련 고도화 및 지원 | D130: PUSH시스템 고도화 및 운영 지원 | E130: 2월 마케팅 PUSH 발송 - CP사 일정 취합 - 발송 규격 세팅 - 일별 발송 | F130: =VLOOKUP(D130,CSR!$D$4:$E$1180,2,FALSE) -> CSR_20300 | G130: 46073 | H130: 2 | I130: =H130*10/190 -> 0.10526316 | J130: 기획자3
A131: 2월 | B131: 서비스 품질관리 | C131: 서비스 운영 | D131: 금융광고 관리 (PASS 앱 기획, 디자인, 개발 가이드) | E131: 오버테이크 요청사항 대응 - 광고주 팝업 및 인증완료 배너 운영 지원 및 지표 공유 - 대출비교 2월 프로모션 운영 지원 - 2월 금고열기 프로모션 운영 지원 - 여행 서비스 제휴 광고 운영 지원 - PASS 머니 적립 이벤트 | F131: =VLOOKUP(D131,CSR!$D$4:$E$1180,2,FALSE) -> CSR_30100 | G131: 46073 | H131: 2 | I131: =H131*10/190 -> 0.10526316 | J131: 기획자3
A132: 2월 | B132: 마케팅 | C132: PASS활성화 이벤트 | D132: (상시) PASS앱 이벤트 실행·효과분석 | E132: 1월 PASS 서비스 품질지표 작성 - GA 지표 작성 및 보고 | F132: =VLOOKUP(D132,CSR!$D$4:$E$1180,2,FALSE) -> CSR_20000 | G132: 46063 | H132: 2 | I132: =H132*10/190 -> 0.10526316 | J132: 기획자3
A133: 2월 | B133: 서비스 품질관리 | C133: 서비스 운영 | D133: LGU+ 요청사항 대응 및 운영 | E133: 1월 PASS PV 및 체류시간 데이터 취합 - CP사 데이터 취합 및 유플러스 전달 - PUSH 데이터 추가 전달 요청 및 취합 | F133: =VLOOKUP(D133,CSR!$D$4:$E$1180,2,FALSE) -> CSR_30200 | G133: 46063 | H133: 2 | I133: =H133*10/190 -> 0.10526316 | J133: 기획자3
A134: 1월 | B134: 서비스 품질관리 | C134: 서비스 운영 | D134: CP 파트너십 관리 (PASS 앱 기획, 디자인, 개발 가이드) | E134: CP 문의 대응 - 펫키퍼 LGU+ 및 LGU+ MVNO 개인정보 제3자 제공동의 약관 변경 대응 - PASS스탁/해외주식정보/공모주정보/쿠폰팩/휴대폰안심 : LGU+ 및 LGU+ MVNO 개인정보 제3자 제공동의 약관 변경 대응 - 오피스도우미 LGU+ 및 LGU+ MVNO 개인정보 제3자 제공동의 약관 변경 대응 - 더치트프리미엄 유료 서비스 이용약관, LGU+및 LGU+ MVNO 개인정보 제3자 제공 동의 약관 변경 대응 - 더치트프리미엄 web-view 연동정의서 및 UIUX 개편 관련 문의 대응 - 펫신분증 서버 이전 대응 - 방화벽 신청 및 관련 문의 대응, 검토 - 기타 문의사항 대응 및 검수앱 배포 | F134: =VLOOKUP(D134,CSR!$D$4:$E$1180,2,FALSE) -> CSR_30000 | G134: 46073 | H134: 4 | I134: =H134*10/190 -> 0.21052632 | J134: 기획자4
A135: 1월 | B135: 서비스 품질관리 | C135: 서비스 운영 | D135: CP 파트너십 관리 (PASS 앱 기획, 디자인, 개발 가이드) | E135: 오피스도우미 iOS SDK 업데이트 관련 대응 | F135: =VLOOKUP(D135,CSR!$D$4:$E$1180,2,FALSE) -> CSR_30000 | G135: 46073 | H135: 2 | I135: =H135*10/190 -> 0.10526316 | J135: 기획자4
... A139: 2월 | B139: 서비스 품질관리 | C139: 서비스 운영 | D139: ㄴ펫신분증 UI 개선 | E139: 펫신분증 고도화 관련 f/u - 디자인요청 검수, CP사 협의 등 | F139: =VLOOKUP(D139,CSR!$D$4:$E$1180,2,FALSE) -> CSR_11302 | G139: 46073 | H139: 2 | I139: =H139*10/190 -> 0.10526316 | J139: 기획자4
A140: 1월 | B140: 기능 고도화 | C140: PASS기능개발 | D140: PASS 공통 화면 개선 (모달형태 약관 화면 적용, 알림팝업 적용 등) | E140: 유료가입 인트로 디자인 가이드 수정 | F140: =VLOOKUP(D140,CSR!$D$4:$E$1180,2,FALSE) -> CSR_11100 | G140: 1월 21일 | H140: 4 | I140: =H140*10/190 -> 0.21052632 | J140: 디자이너1
A141: 1월 | B141: 기능 고도화 | C141: PASS기능개발 | D141: PASS 주소록 기능 개발 | E141: PASS 주소록 디자인 | F141: =VLOOKUP(D141,CSR!$D$4:$E$1180,2,FALSE) -> CSR_10800 | G141: 1월 30일 | H141: 4 | I141: =H141*10/190 -> 0.21052632 | J141: 디자이너1
A142: 2월 | B142: 서비스 품질관리 | C142: 서비스 운영 | D142: LGU+ 요청사항 대응 및 운영 | E142: 서비스 아이콘 추가(홈 6종, 전체 3종) 수정 | F142: =VLOOKUP(D142,CSR!$D$4:$E$1180,2,FALSE) -> CSR_30200 | G142: 2월 5일 | H142: 3 | I142: =H142*10/190 -> 0.15789474 | J142: 디자이너1
A143: 2월 | B143: 기능 고도화 | C143: PASS기능개발 | D143: PASS 주소록 기능 개발 | E143: PASS 주소록 디자인 | F143: =VLOOKUP(D143,CSR!$D$4:$E$1180,2,FALSE) -> CSR_10800 | G143: 2월 9일 | H143: 4 | I143: =H143*10/190 -> 0.21052632 | J143: 디자이너1
A144: 2월 | B144: 기능 고도화 | C144: PASS기능개발 | D144: PASS 주소록 기능 개발 | E144: PASS 주소록 디자인 | F144: =VLOOKUP(D144,CSR!$D$4:$E$1180,2,FALSE) -> CSR_10800 | G144: 2월 20일 | H144: 4 | I144: =H144*10/190 -> 0.21052632 | J144: 디자이너1
A145: 2월 | B145: 서비스 품질관리 | C145: 서비스 운영 | D145: LGU+ 요청사항 대응 및 운영 | E145: 앱 접근권한 화면 수정 | F145: =VLOOKUP(D145,CSR!$D$4:$E$1180,2,FALSE) -> CSR_30200 | G145: 2월 10일 | H145: 3 | I145: =H145*10/190 -> 0.15789474 | J145: 디자이너2
A146: 2월 | B146: 기능 고도화 | C146: PASS기능개발 | D146: PASS MY 화면 고도화 | E146: MY·전체메뉴 통합 개편 디자인 수정 | F146: =VLOOKUP(D146,CSR!$D$4:$E$1180,2,FALSE) -> CSR_10400 | G146: 2월 12일 | H146: 3 | I146: =H146*10/190 -> 0.15789474 | J146: 디자이너2
A147: 2월 | B147: 기능 고도화 | C147: PASS기능개발 | D147: PASS 공통 화면 개선 (모달형태 약관 화면 적용, 알림팝업 적용 등) | E147: 유료가입 인트로 디자인 가이드 검수 및 수정 | F147: =VLOOKUP(D147,CSR!$D$4:$E$1180,2,FALSE) -> CSR_11100 | G147: 2월 20일 | H147: 2 | I147: =H147*10/190 -> 0.10526316 | J147: 디자이너2
A148: 2월 | B148: 기능 고도화 | C148: PASS기능개발 | D148: PASS 주소록 기능 개발 | E148: PASS 주소록 온보딩 디자인 | F148: =VLOOKUP(D148,CSR!$D$4:$E$1180,2,FALSE) -> CSR_10800 | G148: 2월 11일 | H148: 4 | I148: =H148*10/190 -> 0.21052632 | J148: 디자이너2
A149: 2월 | B149: 서비스 품질관리 | C149: 서비스 운영 | D149: 업무보고 및 협의 | E149: PASS전략파트너 개발 관련 업무보고 및 협의 - 내부/외부 회의 및 협의 | F149: =VLOOKUP(D149,CSR!$D$4:$E$1180,2,FALSE) -> CSR_30600 | G149: 46042 | H149: 5 | I149: =H149*10/190 -> 0.26315789 | J149: 사업PM
A150: 1월 | B150: 기능 고도화 | C150: PASS기능개발 | D150: ㄴ1:1 문의 카테고리 추가 | E150: 1:1 문의하기 유형 추가 개발 | F150: =VLOOKUP(D150,CSR!$D$4:$E$1180,2,FALSE) -> CSR_11304 | G150: 46052 | H150: 3 | I150: =H150*10/190 -> 0.15789474 | J150: 서버개발자1
A151: 1월 | B151: 기능 고도화 | C151: PASS기능개발 | D151: 서비스 개발 | E151: 3월 이동규격 H/I 규격 추가 개발 - 부가서비스 서버 | F151: =VLOOKUP(D151,CSR!$D$4:$E$1180,2,FALSE) -> CSR_11300 | G151: 46052 | H151: 1 | I151: =H151*10/190 -> 0.052631579 | J151: 서버개발자1
A152: 1월 | B152: 서비스 품질관리 | C152: 서비스 운영 | D152: LGU+ 요청사항 대응 및 운영 | E152: PASS앱 개인정보 삭제/파기 정책 현황 확인 대응 - 부가서비스 서버 | F152: =VLOOKUP(D152,CSR!$D$4:$E$1180,2,FALSE) -> CSR_30200 | G152: 46052 | H152: 1 | I152: =H152*10/190 -> 0.052631579 | J152: 서버개발자1
A153: 2월 | B153: 기능 고도화 | C153: PASS기능개발 | D153: ㄴ26년 3월 1차 서버 검수 | E153: 3월 1차 서버 내부 테스트 및 ALMS 문서 준비 - 부가서비스 서버 | F153: =VLOOKUP(D153,CSR!$D$4:$E$1180,2,FALSE) -> CSR_11410 | G153: 46059 | H153: 2 | I153: =H153*10/190 -> 0.10526316 | J153: 서버개발자1
A154: 2월 | B154: 신규사업 개발 | C154: 신규서비스개발 | D154: ㄴ마인드케어 프리미엄 | E154: PASS마인드케어 프리미엄 추가 CP연동테스트 대응 | F154: =VLOOKUP(D154,CSR!$D$4:$E$1180,2,FALSE) -> CSR_41101 | G154: 46059 | H154: 2 | I154: =H154*10/190 -> 0.10526316 | J154: 서버개발자1
A155: 2월 | B155: 기능 고도화 | C155: PASS기능개발 | D155: ㄴ26년 3월 앱 배포 검수 | E155: 3월 배포 DVT 이슈 대응 - 금융혜택 동기화, 하단 GNB 개선, 다회선 전환 | F155: =VLOOKUP(D155,CSR!$D$4:$E$1180,2,FALSE) -> CSR_11409 | G155: 46066 | H155: 2 | I155: =H155*10/190 -> 0.10526316 | J155: 서버개발자1
A156: 2월 | B156: 기능 고도화 | C156: PASS기능개발 | D156: ㄴ26년 3월 앱 배포 검수 | E156: 3월 배포 DVT 이슈 대응 - PASS머니, PASS에코혜택모아, 휴대폰결제 | F156: =VLOOKUP(D156,CSR!$D$4:$E$1180,2,FALSE) -> CSR_11409 | G156: 46066 | H156: 3 | I156: =H156*10/190 -> 0.15789474 | J156: 서버개발자1
A157: 2월 | B157: 기능 고도화 | C157: PASS기능개발 | D157: ㄴ26년 3월 앱 배포 검수 | E157: 3월 배포 DVT 이슈 대응 및 소스 점검 - MY전체메뉴 개편 | F157: =VLOOKUP(D157,CSR!$D$4:$E$1180,2,FALSE) -> CSR_11409 | G157: 46066 | H157: 2 | I157: =H157*10/190 -> 0.10526316 | J157: 서버개발자1
A158: 2월 | B158: 기능 고도화 | C158: PASS기능개발 | D158: ㄴ26년 3월 앱 배포 검수 | E158: 3월 배포 DVT 이슈 대응 및 소스 점검 - 보안취약점 조치, 이벤트/혜택메뉴 | F158: =VLOOKUP(D158,CSR!$D$4:$E$1180,2,FALSE) -> CSR_11409 | G158: 46066 | H158: 3 | I158: =H158*10/190 -> 0.15789474 | J158: 서버개발자1
A159: 1월 | B159: 기능 고도화 | C159: PASS기능개발 | D159: PASS 주소록 기능 개발 | E159: PASS 주소록 추가 개발 - 부가서비스 서버 | F159: =VLOOKUP(D159,CSR!$D$4:$E$1180,2,FALSE) -> CSR_10800 | G159: 46052 | H159: 1 | I159: =H159*10/190 -> 0.052631579 | J159: 서버개발자2
A160: 1월 | B160: 신규사업 개발 | C160: 신규서비스개발 | D160: ㄴ에코혜택모아 | E160: PASS에코혜택모아 부가서비스 추가 개발 - 부가서비스 서버 | F160: =VLOOKUP(D160,CSR!$D$4:$E$1180,2,FALSE) -> CSR_41102 | G160: 46052 | H160: 1 | I160: =H160*10/190 -> 0.052631579 | J160: 서버개발자2
... A209: 2월 | B209: 기능 고도화 | C209: PASS기능개발 | D209: ㄴ26년 3월 앱 배포 검수 | E209: 3월 배포 DVT 이슈 대응 및 소스 점검 - 모바일신분증, 약관, 홈화면 | F209: =VLOOKUP(D209,CSR!$D$4:$E$1180,2,FALSE) -> CSR_11409 | G209: 46066 | H209: 4 | I209: =H209*10/190 -> 0.21052632 | J209: 서버개발자7

Sheet 26년01월
A1: 월 | B1: 구분 | C1: 중점추진과제 | D1: 상세추진과제 | E1: 상세 추진 내용 | F1: CSR ID | G1: 완료일시 | H1: 투입M/D | I1: 투입M/M | J1: 처리자 | K1: 비고
A2: 1월 | B2: 기능 고도화 | C2: PASS기능개발 | D2: 서비스 개발 | E2: 기존문제점 항목 수정 개발 - AOS | F2: =VLOOKUP(D2,CSR!$D$4:$E$1180,2,FALSE) -> CSR_11300 | G2: 46024 | H2: 3 | I2: =H2*10/190 -> 0.15789474 | J2: Android개발자1
A3: 1월 | B3: 기능 고도화 | C3: PASS기능개발 | D3: ㄴ유·무료 서비스 동의화면 개선 | E3: 유/뮤료 서비스 동의화면 개선 개발 - AOS | F3: =VLOOKUP(D3,CSR!$D$4:$E$1180,2,FALSE) -> CSR_11305 | G3: 46024 | H3: 2 | I3: =H3*10/190 -> 0.10526316 | J3: Android개발자1
A4: 1월 | B4: 기능 고도화 | C4: PASS기능개발 | D4: PASS 주소록 기능 개발 | E4: PASS 주소록 서비스 추가 개발 검토 및 기획 협의 - AOS | F4: =VLOOKUP(D4,CSR!$D$4:$E$1180,2,FALSE) -> CSR_10800 | G4: 46031 | H4: 3 | I4: =H4*10/190 -> 0.15789474 | J4: Android개발자1
A5: 1월 | B5: 기능 고도화 | C5: PASS기능개발 | D5: PASS 주소록 기능 개발 | E5: PASS 주소록 서비스 추가 개발 - AOS | F5: =VLOOKUP(D5,CSR!$D$4:$E$1180,2,FALSE) -> CSR_10800 | G5: 46038 | H5: 3 | I5: =H5*10/190 -> 0.15789474 | J5: Android개발자1
A6: 1월 | B6: 기능 고도화 | C6: PASS기능개발 | D6: 서비스 개발 | E6: 만보기 SDK 업데이트 개발 검토 및 협의 - AOS | F6: =VLOOKUP(D6,CSR!$D$4:$E$1180,2,FALSE) -> CSR_11300 | G6: 46038 | H6: 2 | I6: =H6*10/190 -> 0.10526316 | J6: Android개발자1
A7: 1월 | B7: 기능 고도화 | C7: PASS기능개발 | D7: PASS 주소록 기능 개발 | E7: PASS 주소록 서비스 추가 개발 - AOS | F7: =VLOOKUP(D7,CSR!$D$4:$E$1180,2,FALSE) -> CSR_10800 | G7: 46042 | H7: 2 | I7: =H7*10/190 -> 0.10526316 | J7: Android개발자1
A8: 12월 | B8: 기능 고도화 | C8: PASS기능개발 | D8: ㄴ유·무료 서비스 동의화면 개선 | E8: 유/뮤료 서비스 동의화면 개선 개발 - AOS | F8: =VLOOKUP(D8,CSR!$D$4:$E$1180,2,FALSE) -> CSR_11305 | G8: 46382 | H8: 4 | I8: =H8*10/190 -> 0.21052632 | J8: Android개발자1
A9: 1월 | B9: 기능 고도화 | C9: PASS기능개발 | D9: PASS MY 화면 고도화 | E9: MY/전체 메뉴 개편 개발 - AOS | F9: =VLOOKUP(D9,CSR!$D$4:$E$1180,2,FALSE) -> CSR_10400 | G9: 46024 | H9: 4 | I9: =H9*10/190 -> 0.21052632 | J9: Android개발자2
A10: 1월 | B10: 기능 고도화 | C10: PASS기능개발 | D10: PASS MY 화면 고도화 | E10: MY/전체 메뉴 개편 개발 - AOS | F10: =VLOOKUP(D10,CSR!$D$4:$E$1180,2,FALSE) -> CSR_10400 | G10: 46031 | H10: 2 | I10: =H10*10/190 -> 0.10526316 | J10: Android개발자2
A11: 1월 | B11: 기능 고도화 | C11: PASS기능개발 | D11: ㄴ하단GNB 개편 | E11: 하단 GNB 개편 개발 검토 및 기획 협의 - AOS | F11: =VLOOKUP(D11,CSR!$D$4:$E$1180,2,FALSE) -> CSR_11306 | G11: 46031 | H11: 2 | I11: =H11*10/190 -> 0.10526316 | J11: Android개발자2
A12: 1월 | B12: 기능 고도화 | C12: PASS기능개발 | D12: PASS MY 화면 고도화 | E12: MY/전체 메뉴 개편 개발 - AOS | F12: =VLOOKUP(D12,CSR!$D$4:$E$1180,2,FALSE) -> CSR_10400 | G12: 46038 | H12: 1 | I12: =H12*10/190 -> 0.052631579 | J12: Android개발자2
A13: 1월 | B13: 기능 고도화 | C13: PASS기능개발 | D13: ㄴ하단GNB 개편 | E13: 하단 GNB 개편 개발 - AOS | F13: =VLOOKUP(D13,CSR!$D$4:$E$1180,2,FALSE) -> CSR_11306 | G13: 46038 | H13: 1 | I13: =H13*10/190 -> 0.052631579 | J13: Android개발자2
... A126: 1월 | B126: 서비스 품질관리 | C126: 서비스 운영 | D126: 금융광고 관리 (PASS 앱 기획, 디자인, 개발 가이드) | E126: 금융혜택 연동 개발 추가 - 개발 요건 및 일정 협의 | F126: =VLOOKUP(D126,CSR!$D$4:$E$1180,2,FALSE) -> CSR_30100 | G126: 46038 | H126: 1 | I126: =H126*10/190 -> 0.052631579 | J126: 기획자2
A127: 1월 | B127: 서비스 품질관리 | C127: 서비스 운영 | D127: LGU+ 요청사항 대응 및 운영 | E127: - 26' 앱 개편사항 요약 파일 전달 - Compliance 정기 점검 증적 전달 - 어드민 개인화서비스 메뉴 관련 개발 문의 대응 - 오피스도우미 관련 회의 | F127: =VLOOKUP(D127,CSR!$D$4:$E$1180,2,FALSE) -> CSR_30200 | G127: 1월 20일 | H127: 2 | I127: =H127*10/190 -> 0.10526316 | J127: 기획자2
A128: 12월 | B128: 마케팅 | C128: PASS활성화 이벤트 | D128: (기타) 부가서비스 이벤트 지원 | E128: 펫키퍼 신규가입 이벤트 운영 지원 - 11월~12월 신규가입 이벤트 GA 데이터 공유 | F128: =VLOOKUP(D128,CSR!$D$4:$E$1180,2,FALSE) -> CSR_20100 | G128: 12월 22일 | H128: 0.5 | I128: =H128*10/190 -> 0.026315789 | J128: 기획자3
A129: 12월 | B129: 마케팅 | C129: PASS활성화 이벤트 | D129: ㄴPASS 출첵 스탬프 이벤트 | E129: PASS 출첵 스탬프 이벤트 당첨자 발표 - 상용 오픈 및 모니터링 - 경품 발송 요청 및 PUSH 발송 - 이벤트 운영결과자료 사업팀 공유 | F129: =VLOOKUP(D129,CSR!$D$4:$E$1180,2,FALSE) -> CSR_20002 | G129: 12월 29일 | H129: 1 | I129: =H129*10/190 -> 0.052631579 | J129: 기획자3
A130: 1월 | B130: 마케팅 | C130: PASS활성화 이벤트 | D130: (기타) 부가서비스 이벤트 지원 | E130: 생활정보 이벤트 운영 지원 - 11월~12월 신규가입 이벤트 PUSH 데이터 전달 | F130: =VLOOKUP(D130,CSR!$D$4:$E$1180,2,FALSE) -> CSR_20100 | G130: 1월 13일 | H130: 0.5 | I130: =H130*10/190 -> 0.026315789 | J130: 기획자3
A131: 1월 | B131: 마케팅 | C131: 마케팅 관련 고도화 및 지원 | D131: PASS머니 고도화 및 운영 지원 | E131: PASS머니 운영 요청사항 대응 - PASS머니 해지 요청 에러 관련 문의 대응 | F131: =VLOOKUP(D131,CSR!$D$4:$E$1180,2,FALSE) -> CSR_20200 | G131: 1월 13일 | H131: 0.5 | I131: =H131*10/190 -> 0.026315789 | J131: 기획자3
A132: 1월 | B132: 기능 고도화 | C132: PASS기능개발 | D132: PASS 공통 화면 개선 (모달형태 약관 화면 적용, 알림팝업 적용 등) | E132: 유·무료 서비스 동의화면 개선 - 유료가입 인트로 디자인 가이드 검수 - CP사 가이드 배포 및 문의 대응 - CP사 디자인 검수 및 취합 | F132: =VLOOKUP(D132,CSR!$D$4:$E$1180,2,FALSE) -> CSR_11100 | G132: 1월 20일 | H132: 2 | I132: =H132*10/190 -> 0.10526316 | J132: 기획자3
A133: 1월 | B133: 마케팅 | C133: PASS활성화 이벤트 | D133: ㄴGS25 신분증결제 오픈 이벤트 1차 | E133: GS25X신분증결제 오픈 이벤트(1차) 당첨자 발표 - 기획서 작성 및 당첨자 선별 - 디자인 / 퍼블 / 개발 서버 검수 - 기프트샵 경품 지급 협조 요청 | F133: =VLOOKUP(D133,CSR!$D$4:$E$1180,2,FALSE) -> CSR_20003 | G133: 1월 20일 | H133: 1 | I133: =H133*10/190 -> 0.052631579 | J133: 기획자3
A134: 1월 | B134: 마케팅 | C134: PASS활성화 이벤트 | D134: ㄴPASS 전자고지 활성화 이벤트 | E134: PASS 전자고지 활성화 이벤트 - 기획서 작성 - 디자인, 퍼블, 개발 검수 - 상용 오픈 및 홍보 PUSH 발송 - 이벤트 배너 기획 및 오픈 - 인증서 발급 고객 정보 요청 및 PUSH 데이터 세팅 | F134: =VLOOKUP(D134,CSR!$D$4:$E$1180,2,FALSE) -> CSR_20005 | G134: 1월 20일 | H134: 2 | I134: =H134*10/190 -> 0.10526316 | J134: 기획자3
A135: 1월 | B135: 마케팅 | C135: PASS활성화 이벤트 | D135: (기타) 부가서비스 이벤트 지원 | E135: 웹툰 이벤트 운영 지원 - 11월~12월 신규가입 룰렛 이벤트 GA 데이터 전달 - 2월 이벤트 배너 영역 및 BG 색상 협의 | F135: =VLOOKUP(D135,CSR!$D$4:$E$1180,2,FALSE) -> CSR_20100 | G135: 1월 20일 | H135: 1 | I135: =H135*10/190 -> 0.052631579 | J135: 기획자3
A136: 1월 | B136: 마케팅 | C136: 마케팅 관련 고도화 및 지원 | D136: PASS머니 고도화 및 운영 지원 | E136: PASS머니 잔액 보유 고객 탈퇴 프로세스 개선 - 기획서 업데이트 - 디자인 검수 - CP사 및 개발 문의 대응 | F136: =VLOOKUP(D136,CSR!$D$4:$E$1180,2,FALSE) -> CSR_20200 | G136: 1월 20일 | H136: 1.5 | I136: =H136*10/190 -> 0.078947368 | J136: 기획자3
A137: 1월 | B137: 마케팅 | C137: 마케팅 관련 고도화 및 지원 | D137: PUSH시스템 고도화 및 운영 지원 | E137: 1월 마케팅 PUSH 발송 - CP사 일정 취합 - 발송 규격 세팅 - 일별 발송 | F137: =VLOOKUP(D137,CSR!$D$4:$E$1180,2,FALSE) -> CSR_20300 | G137: 1월 20일 | H137: 1.5 | I137: =H137*10/190 -> 0.078947368 | J137: 기획자3
A138: 1월 | B138: 서비스 품질관리 | C138: 서비스 운영 | D138: 금융광고 관리 (PASS 앱 기획, 디자인, 개발 가이드) | E138: 오버테이크 요청사항 대응 - 광고주 팝업 및 인증완료 배너 운영 지원 및 지표 공유 - 대출비교 1월 프로모션 운영 지원 - 머니+하기 프로모션 당첨자 발표 배너 게시 | F138: =VLOOKUP(D138,CSR!$D$4:$E$1180,2,FALSE) -> CSR_30100 | G138: 1월 20일 | H138: 2 | I138: =H138*10/190 -> 0.10526316 | J138: 기획자3
... A143: 1월 | B143: 서비스 품질관리 | C143: 서비스 운영 | D143: LGU+ 요청사항 대응 및 운영 | E143: 12월 PASS PV 및 체류시간 데이터 취합 - CP사 데이터 취합 및 유플러스 전달 | F143: =VLOOKUP(D143,CSR!$D$4:$E$1180,2,FALSE) -> CSR_30200 | G143: 1월 9일 | H143: 1 | I143: =H143*10/190 -> 0.052631579 | J143: 기획자3
A144: 1월 | B144: 서비스 품질관리 | C144: 서비스 운영 | D144: CP 파트너십 관리 (PASS 앱 기획, 디자인, 개발 가이드) | E144: CP 문의 대응 - 투데이 가입 관련 문의 대응 - 스마트피싱보호 LGU+및 LGU+ MVNO 개인정보 제3자 제공 동의 약관 변경 대응 - 생활정보 LGU+ 및 LGU+ MVNO 개인정보 제3자 제공동의, 혜택정보.광고수신동의, 고객혜택제공을 위한 정보수집및 이용동의, PASS생활정보 청약철회 안내 4종 약관 변경 대응 - 기타 문의사항 대응 | F144: =VLOOKUP(D144,CSR!$D$4:$E$1180,2,FALSE) -> CSR_30000 | G144: 46042 | H144: 3 | I144: =H144*10/190 -> 0.15789474 | J144: 기획자4
A145: 1월 | B145: 서비스 품질관리 | C145: 서비스 운영 | D145: CP 파트너십 관리 (PASS 앱 기획, 디자인, 개발 가이드) | E145: 만보기 SDK 업데이트 관련 대응 | F145: =VLOOKUP(D145,CSR!$D$4:$E$1180,2,FALSE) -> CSR_30000 | G145: 46042 | H145: 3 | I145: =H145*10/190 -> 0.15789474 | J145: 기획자4
A146: 1월 | B146: 신규사업 개발 | C146: 신규서비스개발 | D146: ㄴ마인드케어 프리미엄 | E146: 마인드케어프리미엄 서비스 연동 - 정책 등 협의에 따른 기획서 업데이트 - 약관, FAQ, TC 설계서 요청 (대기) - 서비스아이콘 등 디자인 요청 - 개발진행 관련 f/u | F146: =VLOOKUP(D146,CSR!$D$4:$E$1180,2,FALSE) -> CSR_41101 | G146: 46042 | H146: 4 | I146: =H146*10/190 -> 0.21052632 | J146: 기획자4
A147: 1월 | B147: 신규사업 개발 | C147: 신규서비스개발 | D147: ㄴ에코혜택모아 | E147: 에코혜택모아 서비스 연동 - 정책 등 협의에 따른 기획서 업데이트 - 약관, FAQ, TC 설계서 요청 (대기) - 서비스아이콘 등 디자인 요청 - 개발진행 관련 f/u | F147: =VLOOKUP(D147,CSR!$D$4:$E$1180,2,FALSE) -> CSR_41102 | G147: 46042 | H147: 4 | I147: =H147*10/190 -> 0.21052632 | J147: 기획자4
A148: 12월 | B148: 서비스 품질관리 | C148: 서비스 운영 | D148: ㄴ펫신분증 UI 개선 | E148: 펫신분증 고도화 관련 f/u - 디자인요청 검수, CP사 협의 등 | F148: =VLOOKUP(D148,CSR!$D$4:$E$1180,2,FALSE) -> CSR_11302 | G148: 46387 | H148: 2 | I148: =H148*10/190 -> 0.10526316 | J148: 기획자4
A149: 12월 | B149: 기능 고도화 | C149: PASS기능개발 | D149: PASS MY 화면 고도화 | E149: MY·전체메뉴 통합 개편 디자인 | F149: =VLOOKUP(D149,CSR!$D$4:$E$1180,2,FALSE) -> CSR_10400 | G149: 12월 23일 | H149: 4 | I149: =H149*10/190 -> 0.21052632 | J149: 디자이너1
A150: 12월 | B150: 기능 고도화 | C150: PASS기능개발 | D150: PASS 주소록 기능 개발 | E150: PASS 주소록 디자인 | F150: =VLOOKUP(D150,CSR!$D$4:$E$1180,2,FALSE) -> CSR_10800 | G150: 12월 31일 | H150: 4 | I150: =H150*10/190 -> 0.21052632 | J150: 디자이너1
A151: 1월 | B151: 신규사업 개발 | C151: 신규서비스개발 | D151: ㄴ하단GNB 개편 | E151: 하단 GNB 개편 디자인 - 툴팁 추가 | F151: =VLOOKUP(D151,CSR!$D$4:$E$1180,2,FALSE) -> CSR_11306 | G151: 1월 13일 | H151: 1 | I151: =H151*10/190 -> 0.052631579 | J151: 디자이너1
A152: 1월 | B152: 기능 고도화 | C152: PASS기능개발 | D152: PASS MY 화면 고도화 | E152: MY·전체메뉴 통합 개편 디자인 | F152: =VLOOKUP(D152,CSR!$D$4:$E$1180,2,FALSE) -> CSR_10400 | G152: 1월 16일 | H152: 3 | I152: =H152*10/190 -> 0.15789474 | J152: 디자이너1
A153: 1월 | B153: 기능 고도화 | C153: PASS기능개발 | D153: PASS 주소록 기능 개발 | E153: PASS 주소록 디자인 수정 | F153: =VLOOKUP(D153,CSR!$D$4:$E$1180,2,FALSE) -> CSR_10800 | G153: 1월 20일 | H153: 4 | I153: =H153*10/190 -> 0.21052632 | J153: 디자이너1
A154: 1월 | B154: 신규사업 개발 | C154: 신규서비스개발 | D154: ㄴ하단GNB 개편 | E154: 하단 GNB 개편 디자인 | F154: =VLOOKUP(D154,CSR!$D$4:$E$1180,2,FALSE) -> CSR_11306 | G154: 1월 6일 | H154: 3 | I154: =H154*10/190 -> 0.15789474 | J154: 디자이너1
A155: 1월 | B155: 마케팅 | C155: 마케팅 관련 고도화 및 지원 | D155: PASS머니 고도화 및 운영 지원 | E155: PASS머니 잔액 보유 고객 탈퇴 프로세스 개선 디자인 | F155: =VLOOKUP(D155,CSR!$D$4:$E$1180,2,FALSE) -> CSR_20200 | G155: 1월 14일 | H155: 3 | I155: =H155*10/190 -> 0.15789474 | J155: 디자이너2
A156: 1월 | B156: 기능 고도화 | C156: PASS기능개발 | D156: PASS 공통 화면 개선 (모달형태 약관 화면 적용, 알림팝업 적용 등) | E156: 유·무료 서비스 동의화면 개선 - 유료가입 인트로 디자인 가이드 디자인 | F156: =VLOOKUP(D156,CSR!$D$4:$E$1180,2,FALSE) -> CSR_11100 | G156: 1월 16일 | H156: 3 | I156: =H156*10/190 -> 0.15789474 | J156: 디자이너2
A157: 1월 | B157: 서비스 품질관리 | C157: 서비스 운영 | D157: LGU+ 요청사항 대응 및 운영 | E157: 검색 아이콘 추가 | F157: =VLOOKUP(D157,CSR!$D$4:$E$1180,2,FALSE) -> CSR_30200 | G157: 1월 16일 | H157: 0.5 | I157: =H157*10/190 -> 0.026315789 | J157: 디자이너2
A158: 1월 | B158: 서비스 품질관리 | C158: 서비스 운영 | D158: LGU+ 요청사항 대응 및 운영 | E158: 서비스 아이콘 추가(홈 6종, 전체 3종) | F158: =VLOOKUP(D158,CSR!$D$4:$E$1180,2,FALSE) -> CSR_30200 | G158: 1월 19일 | H158: 1.5 | I158: =H158*10/190 -> 0.078947368 | J158: 디자이너2
A159: 1월 | B159: 마케팅 | C159: PASS활성화 이벤트 | D159: ㄴPASS 전자고지 활성화 이벤트 | E159: PASS 전자고지 활성화 이벤트 페이지 디자인 | F159: =VLOOKUP(D159,CSR!$D$4:$E$1180,2,FALSE) -> CSR_20005 | G159: 1월 5일 | H159: 3 | I159: =H159*10/190 -> 0.15789474 | J159: 디자이너2
A160: 1월 | B160: 신규사업 개발 | C160: 인증플랫폼 | D160: 인증서 고도화 | E160: PASS인증서 전분야 마이데이터 수정 반영 디자인 | F160: =VLOOKUP(D160,CSR!$D$4:$E$1180,2,FALSE) -> CSR_40500 | G160: 1월 6일 | H160: 3 | I160: =H160*10/190 -> 0.15789474 | J160: 디자이너2
... A162: 1월 | B162: 마케팅 | C162: PASS활성화 이벤트 | D162: ㄴGS25 신분증결제 오픈 이벤트 1차 | E162: GS25X신분증결제 오픈 이벤트(1차) 당첨자 발표 - 당첨자 페이지 디자인 | F162: =VLOOKUP(D162,CSR!$D$4:$E$1180,2,FALSE) -> CSR_20003 | G162: 1월 8일 | H162: 2 | I162: =H162*10/190 -> 0.10526316 | J162: 디자이너2
A163: 1월 | B163: 서비스 품질관리 | C163: 서비스 운영 | D163: 업무보고 및 협의 | E163: PASS전략파트너 개발 관련 업무보고 및 협의 - 내부/외부 회의 및 협의 | F163: =VLOOKUP(D163,CSR!$D$4:$E$1180,2,FALSE) -> CSR_30600 | G163: 46042 | H163: 5 | I163: =H163*10/190 -> 0.26315789 | J163: 사업PM
A164: 1월 | B164: 기능 고도화 | C164: PASS기능개발 | D164: PASS MY 화면 고도화 | E164: MY/전체 메뉴 개편 개발 - 모바일운전면허 서버 | F164: =VLOOKUP(D164,CSR!$D$4:$E$1180,2,FALSE) -> CSR_10400 | G164: 46024 | H164: 2 | I164: =H164*10/190 -> 0.10526316 | J164: 서버개발자1
A165: 1월 | B165: 신규사업 개발 | C165: 인증플랫폼 | D165: 모바일신분증 고도화 (라인업 확대_시민증 관광증) | E165: 모바일신분증 등록 시 안면 필수 등록 기획 협의 및 개발 검토 - 모바일운전면허 서버 | F165: =VLOOKUP(D165,CSR!$D$4:$E$1180,2,FALSE) -> CSR_40300 | G165: 46024 | H165: 2 | I165: =H165*10/190 -> 0.10526316 | J165: 서버개발자1
A166: 1월 | B166: 마케팅 | C166: 마케팅 관련 고도화 및 지원 | D166: PASS머니 고도화 및 운영 지원 | E166: PASS머니 잔액 보유 고객 탈퇴 프로세스 개선 개발 - 부가서비스 서버 | F166: =VLOOKUP(D166,CSR!$D$4:$E$1180,2,FALSE) -> CSR_20200 | G166: 46031 | H166: 2 | I166: =H166*10/190 -> 0.10526316 | J166: 서버개발자1
A167: 1월 | B167: 신규사업 개발 | C167: 인증플랫폼 | D167: 모바일신분증 고도화 (라인업 확대_시민증 관광증) | E167: 모바일신분증 등록 시 안면 필수 등록 기획 협의 및 개발 검토 - 모바일운전면허 서버 | F167: =VLOOKUP(D167,CSR!$D$4:$E$1180,2,FALSE) -> CSR_40300 | G167: 46031 | H167: 2 | I167: =H167*10/190 -> 0.10526316 | J167: 서버개발자1
A168: 1월 | B168: 기능 고도화 | C168: PASS기능개발 | D168: PASS MY 화면 고도화 | E168: MY/전체 메뉴 개편 개발 - 부가서비스 서버 | F168: =VLOOKUP(D168,CSR!$D$4:$E$1180,2,FALSE) -> CSR_10400 | G168: 46038 | H168: 2 | I168: =H168*10/190 -> 0.10526316 | J168: 서버개발자1
A169: 1월 | B169: 기능 고도화 | C169: PASS기능개발 | D169: 서비스 개발 | E169: 금융혜택 고객 가입 상태 동기화 개선 개발 - 부가서비스 서버 | F169: =VLOOKUP(D169,CSR!$D$4:$E$1180,2,FALSE) -> CSR_11300 | G169: 46038 | H169: 2 | I169: =H169*10/190 -> 0.10526316 | J169: 서버개발자1
A170: 1월 | B170: 마케팅 | C170: 마케팅 관련 고도화 및 지원 | D170: PASS머니 고도화 및 운영 지원 | E170: PASS머니 가입자 성별 추출 요청 건 대응 | F170: =VLOOKUP(D170,CSR!$D$4:$E$1180,2,FALSE) -> CSR_20200 | G170: 46042 | H170: 2 | I170: =H170*10/190 -> 0.10526316 | J170: 서버개발자1
A171: 12월 | B171: 기능 고도화 | C171: PASS기능개발 | D171: ㄴ펫신분증 UI 개선 | E171: 펫신분증 UI/UX개편 개발 검토 및 기획 협의 - 부가서비스 서버 | F171: =VLOOKUP(D171,CSR!$D$4:$E$1180,2,FALSE) -> CSR_11302 | G171: 46382 | H171: 3 | I171: =H171*10/190 -> 0.15789474 | J171: 서버개발자1
A172: 12월 | B172: 마케팅 | C172: 마케팅 관련 고도화 및 지원 | D172: PASS머니 고도화 및 운영 지원 | E172: PASS머니 잔액 보유 고객 탈퇴 프로세스 개선 개발 검토 - 부가서비스 서버 | F172: =VLOOKUP(D172,CSR!$D$4:$E$1180,2,FALSE) -> CSR_20200 | G172: 46382 | H172: 2 | I172: =H172*10/190 -> 0.10526316 | J172: 서버개발자1
A173: 1월 | B173: 기능 고도화 | C173: PASS기능개발 | D173: PASS MY 화면 고도화 | E173: MY/전체 메뉴 개편 개발 - 부가서비스 서버 | F173: =VLOOKUP(D173,CSR!$D$4:$E$1180,2,FALSE) -> CSR_10400 | G173: 46024 | H173: 5 | I173: =H173*10/190 -> 0.26315789 | J173: 서버개발자2
A174: 1월 | B174: 기능 고도화 | C174: PASS기능개발 | D174: PASS 주소록 기능 개발 | E174: PASS 주소록 서비스 추가 개발 검토 및 기획 협의 - 일반서비스 서버 | F174: =VLOOKUP(D174,CSR!$D$4:$E$1180,2,FALSE) -> CSR_10800 | G174: 46031 | H174: 2 | I174: =H174*10/190 -> 0.10526316 | J174: 서버개발자2
... A228: 1월 | B228: 마케팅 | C228: PASS활성화 이벤트 | D228: ㄴGS25 신분증결제 오픈 이벤트 1차 | E228: GS25X신분증결제 오픈 이벤트(1차) 당첨자 발표 - 당첨자 페이지 퍼블 | F228: =VLOOKUP(D228,CSR!$D$4:$E$1180,2,FALSE) -> CSR_20003 | G228: 46035 | H228: 3.5 | I228: =H228*10/190 -> 0.18421053 | J228: 퍼블리셔

Sheet 25년12월
A1: 월 | B1: 구분 | C1: 중점추진과제 | D1: 상세추진과제 | E1: 상세 추진 내용 | F1: CSR ID | G1: 완료일시 | H1: 투입M/D | I1: 투입M/M | J1: 처리자 | K1: 비고
A2: 11월 | B2: 기능 고도화 | C2: PASS기능개발 | D2: ㄴ25년 11월 앱 배포 검수 | E2: PASS앱 11월 배포 대응 - CVT 2차 이슈 대응 - 스토어 배포 버전 생성 및 내부 테스트 | F2: =VLOOKUP(D2,CSR!$D$4:$E$1180,2,FALSE) -> CSR_11402 | G2: 45989 | H2: 3 | I2: =H2*10/190 -> 0.15789474 | J2: Android개발자1
A3: 11월 | B3: 서비스 품질관리 | C3: 서비스 운영 | D3: LGU+ 요청사항 대응 및 운영 | E3: 보안 강화 관련 과업 검토 요청 대응 - AOS | F3: =VLOOKUP(D3,CSR!$D$4:$E$1180,2,FALSE) -> CSR_30200 | G3: 45989 | H3: 2 | I3: =H3*10/190 -> 0.10526316 | J3: Android개발자1
A4: 12월 | B4: 기능 고도화 | C4: PASS기능개발 | D4: PASS MY 화면 고도화 | E4: MY 전체메뉴 통합 개편 기획 리뷰 및 협의 - AOS | F4: =VLOOKUP(D4,CSR!$D$4:$E$1180,2,FALSE) -> CSR_10400 | G4: 45996 | H4: 3 | I4: =H4*10/190 -> 0.15789474 | J4: Android개발자1
A5: 12월 | B5: 기능 고도화 | C5: PASS기능개발 | D5: 서비스 개발 | E5: 기존 잔여 문제점 확인 및 수정 개발 - AOS | F5: =VLOOKUP(D5,CSR!$D$4:$E$1180,2,FALSE) -> CSR_11300 | G5: 45996 | H5: 2 | I5: =H5*10/190 -> 0.10526316 | J5: Android개발자1
A6: 12월 | B6: 기능 고도화 | C6: PASS기능개발 | D6: PASS MY 화면 고도화 | E6: MY 전체메뉴 통합 개편 개발 검토 및 추가 협의 - AOS | F6: =VLOOKUP(D6,CSR!$D$4:$E$1180,2,FALSE) -> CSR_10400 | G6: 46003 | H6: 3 | I6: =H6*10/190 -> 0.15789474 | J6: Android개발자1
A7: 12월 | B7: 기능 고도화 | C7: PASS기능개발 | D7: 서비스 개발 | E7: 기존 잔여 문제점 확인 및 수정 개발 - AOS | F7: =VLOOKUP(D7,CSR!$D$4:$E$1180,2,FALSE) -> CSR_11300 | G7: 46003 | H7: 2 | I7: =H7*10/190 -> 0.10526316 | J7: Android개발자1
A8: 12월 | B8: 기능 고도화 | C8: PASS기능개발 | D8: PASS MY 화면 고도화 | E8: MY 전체메뉴 통합 개편 개발 검토 및 개발 - AOS | F8: =VLOOKUP(D8,CSR!$D$4:$E$1180,2,FALSE) -> CSR_10400 | G8: 46010 | H8: 2 | I8: =H8*10/190 -> 0.10526316 | J8: Android개발자1
A9: 12월 | B9: 서비스 품질관리 | C9: 서비스 운영 | D9: LGU+ 요청사항 대응 및 운영 | E9: 모바일신분증 개인정보 현황 관련 조사 대응 | F9: =VLOOKUP(D9,CSR!$D$4:$E$1180,2,FALSE) -> CSR_30200 | G9: 46010 | H9: 2 | I9: =H9*10/190 -> 0.10526316 | J9: Android개발자1
A10: 11월 | B10: 기능 고도화 | C10: PASS기능개발 | D10: 서비스 개발 | E10: 우리동네GS 성인인증 건수 통계 추가 건 기획 협의 및 분석 - AOS | F10: =VLOOKUP(D10,CSR!$D$4:$E$1180,2,FALSE) -> CSR_11300 | G10: 45989 | H10: 2 | I10: =H10*10/190 -> 0.10526316 | J10: Android개발자2
A11: 11월 | B11: 기능 고도화 | C11: PASS기능개발 | D11: ㄴ25년 11월 앱 배포 검수 | E11: PASS앱 11월 배포 대응 - CVT 2차 이슈 대응 - 스토어 배포 버전 생성 및 내부 테스트 | F11: =VLOOKUP(D11,CSR!$D$4:$E$1180,2,FALSE) -> CSR_11402 | G11: 45989 | H11: 3 | I11: =H11*10/190 -> 0.15789474 | J11: Android개발자2
A12: 12월 | B12: 기능 고도화 | C12: PASS기능개발 | D12: PASS MY 화면 고도화 | E12: MY 전체메뉴 통합 개편 기획 리뷰 및 협의 - AOS | F12: =VLOOKUP(D12,CSR!$D$4:$E$1180,2,FALSE) -> CSR_10400 | G12: 45996 | H12: 3 | I12: =H12*10/190 -> 0.15789474 | J12: Android개발자2
A13: 12월 | B13: 기능 고도화 | C13: PASS기능개발 | D13: 서비스 개발 | E13: 기존 잔여 문제점 확인 및 수정 개발 - AOS | F13: =VLOOKUP(D13,CSR!$D$4:$E$1180,2,FALSE) -> CSR_11300 | G13: 45996 | H13: 2 | I13: =H13*10/190 -> 0.10526316 | J13: Android개발자2
... A82: 12월 | B82: 서비스품질관리 | C82: 서비스운영 | D82: LGU+ 요청사항 대응 및 운영 | E82: 검수기 등록 - CP사 4건 | F82: =VLOOKUP(D82,CSR!$D$4:$E$1180,2,FALSE) -> CSR_30200 | G82: 46008 | H82: 2 | I82: =H82*10/190 -> 0.10526316 | J82: QA1
A83: 11월 | B83: 기능 고도화 | C83: PASS기능개발 | D83: ㄴ25년 11월 앱 배포 검수 | E83: 25년 11월 개편 앱 CVT 2차 대응 - CVT 이슈 항목 점검 - 내부 기능점검 | F83: =VLOOKUP(D83,CSR!$D$4:$E$1180,2,FALSE) -> CSR_11402 | G83: 11월 27일 | H83: 3 | I83: 0.15789474 | J83: QA2
A84: 12월 | B84: 기능 고도화 | C84: PASS기능개발 | D84: ㄴ25년 12월 앱 긴급 배포 검수 | E84: 25년 12월 긴급 개편 앱 CVT 2차 준비 - CVT 2차 앱 준비 | F84: =VLOOKUP(D84,CSR!$D$4:$E$1180,2,FALSE) -> CSR_11404 | G84: 12월 10일 | H84: 2 | I84: 0.10526316 | J84: QA2
A85: 12월 | B85: 기능 고도화 | C85: PASS기능개발 | D85: ㄴ25년 12월 앱 긴급 배포 검수 | E85: 25년 12월 긴급 개편 앱 CVT 2차 대응 - CVT 2차 내부 기능 점검 | F85: =VLOOKUP(D85,CSR!$D$4:$E$1180,2,FALSE) -> CSR_11404 | G85: 12월 12일 | H85: 2 | I85: 0.10526316 | J85: QA2
A86: 12월 | B86: 기능 고도화 | C86: PASS기능개발 | D86: ㄴ25년 12월 앱 긴급 배포 검수 | E86: 25년 12월 앱 긴급 배포 모니터링 - 개편/기본기능 점검 | F86: =VLOOKUP(D86,CSR!$D$4:$E$1180,2,FALSE) -> CSR_11404 | G86: 12월 16일 | H86: 1 | I86: 0.052631579 | J86: QA2
A87: 12월 | B87: 기능 고도화 | C87: PASS기능개발 | D87: ㄴ25년 11월 앱 배포 검수 | E87: 25년 11월 앱 배포 모니터링 - 개편/기본기능 점검 | F87: =VLOOKUP(D87,CSR!$D$4:$E$1180,2,FALSE) -> CSR_11402 | G87: 12월 1일 | H87: 2 | I87: 0.10526316 | J87: QA2
A88: 12월 | B88: 기능 고도화 | C88: PASS기능개발 | D88: ㄴ25년 12월 앱 긴급 배포 검수 | E88: 25년 12월 긴급 개편 앱 DVT 준비 - TC 설계 및 테스트 환경 세팅 | F88: =VLOOKUP(D88,CSR!$D$4:$E$1180,2,FALSE) -> CSR_11404 | G88: 12월 3일 | H88: 1 | I88: 0.052631579 | J88: QA2
A89: 12월 | B89: 기능 고도화 | C89: PASS기능개발 | D89: ㄴ25년 12월 앱 긴급 배포 검수 | E89: 25년 12월 긴급 개편 앱 CVT 1차 준비 - CVT 1차 앱 준비 | F89: =VLOOKUP(D89,CSR!$D$4:$E$1180,2,FALSE) -> CSR_11404 | G89: 12월 5일 | H89: 2 | I89: 0.10526316 | J89: QA2
A90: 12월 | B90: 기능 고도화 | C90: PASS기능개발 | D90: ㄴ25년 12월 앱 긴급 배포 검수 | E90: 25년 12월 긴급 개편 앱 DVT - DVT 수행 | F90: =VLOOKUP(D90,CSR!$D$4:$E$1180,2,FALSE) -> CSR_11404 | G90: 12월 9일 | H90: 4 | I90: 0.21052632 | J90: QA2
A91: 12월 | B91: 기능 고도화 | C91: PASS기능개발 | D91: ㄴ25년 12월 앱 긴급 배포 검수 | E91: 25년 12월 긴급 개편 앱 CVT 1차 대응 - CVT 1차 내부 기능 점검 | F91: =VLOOKUP(D91,CSR!$D$4:$E$1180,2,FALSE) -> CSR_11404 | G91: 12월 9일 | H91: 2 | I91: 0.10526316 | J91: QA2
A92: 11월 | B92: 서비스 품질관리 | C92: 서비스 운영 | D92: 업무보고 및 협의 | E92: PASS전략파트너 개발 관련 업무보고 및 협의 - 내부/외부 회의 및 협의 | F92: =VLOOKUP(D92,CSR!$D$4:$E$1180,2,FALSE) -> CSR_30600 | G92: 45989 | H92: 5 | I92: =H92*10/190 -> 0.26315789 | J92: 개발PM
A93: 12월 | B93: 서비스 품질관리 | C93: 서비스 운영 | D93: 업무보고 및 협의 | E93: PASS전략파트너 개발 관련 업무보고 및 협의 - 내부/외부 회의 및 협의 | F93: =VLOOKUP(D93,CSR!$D$4:$E$1180,2,FALSE) -> CSR_30600 | G93: 45996 | H93: 5 | I93: =H93*10/190 -> 0.26315789 | J93: 개발PM
A94: 12월 | B94: 서비스 품질관리 | C94: 서비스 운영 | D94: 업무보고 및 협의 | E94: PASS전략파트너 개발 관련 업무보고 및 협의 - 내부/외부 회의 및 협의 | F94: =VLOOKUP(D94,CSR!$D$4:$E$1180,2,FALSE) -> CSR_30600 | G94: 46003 | H94: 5 | I94: =H94*10/190 -> 0.26315789 | J94: 개발PM
A95: 12월 | B95: 서비스 품질관리 | C95: 서비스 운영 | D95: 업무보고 및 협의 | E95: PASS전략파트너 개발 관련 업무보고 및 협의 - 내부/외부 회의 및 협의 | F95: =VLOOKUP(D95,CSR!$D$4:$E$1180,2,FALSE) -> CSR_30600 | G95: 46010 | H95: 4 | I95: =H95*10/190 -> 0.21052632 | J95: 개발PM
A96: 11월 | B96: 서비스 품질관리 | C96: 서비스 운영 | D96: 업무보고 및 협의 | E96: PASS전략파트너 개발 관련 업무보고 및 협의 - 내부/외부 회의 및 협의 | F96: =VLOOKUP(D96,CSR!$D$4:$E$1180,2,FALSE) -> CSR_30600 | G96: 45989 | H96: 5 | I96: =H96*10/190 -> 0.26315789 | J96: 기획PM
A97: 12월 | B97: 서비스 품질관리 | C97: 서비스 운영 | D97: 업무보고 및 협의 | E97: PASS전략파트너 개발 관련 업무보고 및 협의 - 내부/외부 회의 및 협의 | F97: =VLOOKUP(D97,CSR!$D$4:$E$1180,2,FALSE) -> CSR_30600 | G97: 45996 | H97: 5 | I97: =H97*10/190 -> 0.26315789 | J97: 기획PM
A98: 12월 | B98: 서비스 품질관리 | C98: 서비스 운영 | D98: 업무보고 및 협의 | E98: PASS전략파트너 개발 관련 업무보고 및 협의 - 내부/외부 회의 및 협의 | F98: =VLOOKUP(D98,CSR!$D$4:$E$1180,2,FALSE) -> CSR_30600 | G98: 46003 | H98: 5 | I98: =H98*10/190 -> 0.26315789 | J98: 기획PM
A99: 12월 | B99: 서비스 품질관리 | C99: 서비스 운영 | D99: 업무보고 및 협의 | E99: PASS전략파트너 개발 관련 업무보고 및 협의 - 내부/외부 회의 및 협의 | F99: =VLOOKUP(D99,CSR!$D$4:$E$1180,2,FALSE) -> CSR_30600 | G99: 46010 | H99: 4 | I99: =H99*10/190 -> 0.21052632 | J99: 기획PM
A100: 12월 | B100: 신규사업 개발 | C100: 인증플랫폼 | D100: 신분증결제 고도화 | E100: 신분증결제 신규 가맹점 오픈 - 사용처 웹뷰 수정 기획/디자인 및 관리자 이미지 변경 (GS편의점 추가) - 편의점 현장 테스트 | F100: =VLOOKUP(D100,CSR!$D$4:$E$1180,2,FALSE) -> CSR_40800 | G100: 45994 | H100: 1 | I100: =H100*10/190 -> 0.052631579 | J100: 기획자1
A101: 12월 | B101: 기능 고도화 | C101: PASS기능개발 | D101: ㄴ25년 11월 앱 배포 검수 | E101: 25년 11월 - 스토어 업데이트 및 모니터링 - 면허증 패턴 변경 관련 이미지 관리자 이미지 변경 및 테스트 - IOS 위젯 배경 밝기 조치사항 정리 및 공유 | F101: =VLOOKUP(D101,CSR!$D$4:$E$1180,2,FALSE) -> CSR_11402 | G101: 46001 | H101: 3 | I101: =H101*10/190 -> 0.15789474 | J101: 기획자1
A102: 12월 | B102: 기능 고도화 | C102: PASS기능개발 | D102: ㄴ25년 12월 앱 긴급 배포 검수 | E102: 25년 12월 배포 검수 - 부정가입방지 인증 및 기본 기능 검증 - 안면인증 버전 설정 - 스토어 업데이트 및 모니터링 | F102: =VLOOKUP(D102,CSR!$D$4:$E$1180,2,FALSE) -> CSR_11404 | G102: 46007 | H102: 2 | I102: =H102*10/190 -> 0.10526316 | J102: 기획자1
A103: 12월 | B103: 서비스 품질관리 | C103: 서비스 운영 | D103: LGU+ 요청사항 대응 및 운영 | E103: PASS전자고지 활성화 계획안 - 타사 레퍼런스 조사 및 정리 - 딥링크 테스트 및 링크 전달 | F103: =VLOOKUP(D103,CSR!$D$4:$E$1180,2,FALSE) -> CSR_30200 | G103: 46007 | H103: 1 | I103: =H103*10/190 -> 0.052631579 | J103: 기획자1
... A120: 12월 | B120: 신규사업 개발 | C120: 신규서비스개발 | D120: 일반서비스 신규 개발 및 플랫폼 연동 | E120: PASS 주소록 - 기획 요건 유플러스 협의 - 기획서 수정 및 업데이트 - 연계 CP사 자료 공유 및 협의 - 개발 문의 대응 | F120: =VLOOKUP(D120,CSR!$D$4:$E$1180,2,FALSE) -> CSR_41200 | G120: 46010 | H120: 2.5 | I120: =H120*10/190 -> 0.13157895 | J120: 기획자2
A121: 12월 | B121: 서비스 품질관리 | C121: 서비스 운영 | D121: LGU+ 요청사항 대응 및 운영 | E121: MASA 결제연동 이벤트 홍보 지원 - 홍보 배너 기획 및 운영 - PUSH 발송 지원 | F121: =VLOOKUP(D121,CSR!$D$4:$E$1180,2,FALSE) -> CSR_30200 | G121: 12월 15일 | H121: 1 | I121: =H121*10/190 -> 0.052631579 | J121: 기획자3
A122: 12월 | B122: 마케팅 | C122: 마케팅 관련 고도화 및 지원 | D122: PASS머니 고도화 및 운영 지원 | E122: PASS머니 잔액 보유 고객 탈퇴 프로세스 개선 - 기획서 작성 | F122: =VLOOKUP(D122,CSR!$D$4:$E$1180,2,FALSE) -> CSR_20200 | G122: 12월 17일 | H122: 1.5 | I122: =H122*10/190 -> 0.078947368 | J122: 기획자3
A123: 12월 | B123: 서비스 품질관리 | C123: 서비스 운영 | D123: LGU+ 요청사항 대응 및 운영 | E123: PASS전자고지 활성화 계획안 - 서비스 활성화 계획안 및 타사 현황 공유 | F123: =VLOOKUP(D123,CSR!$D$4:$E$1180,2,FALSE) -> CSR_30200 | G123: 12월 17일 | H123: 1 | I123: =H123*10/190 -> 0.052631579 | J123: 기획자3
A124: 12월 | B124: 기능 고도화 | C124: PASS기능개발 | D124: PASS 공통 화면 개선 (모달형태 약관 화면 적용, 알림팝업 적용 등) | E124: 유·무료 서비스 동의화면 개선 - 기획서 작성 및 기획 리뷰 - 유플러스 검토 요청 | F124: =VLOOKUP(D124,CSR!$D$4:$E$1180,2,FALSE) -> CSR_11100 | G124: 12월 18일 | H124: 2 | I124: =H124*10/190 -> 0.10526316 | J124: 기획자3
A125: 12월 | B125: 마케팅 | C125: PASS활성화 이벤트 | D125: ㄴPASS 출첵 스탬프 이벤트 | E125: PASS 출첵 스탬프 이벤트 - 출석 진행중 고객 대상 주간참여독려 PUSH 발송 PASS 출첵 스탬프 이벤트 당첨자 발표 - 기획서 작성 및 당첨자 선별 - 디자인 / 퍼블 / 개발 서버 검수 - 기프트샵 경품 지급 협조 요청 | F125: =VLOOKUP(D125,CSR!$D$4:$E$1180,2,FALSE) -> CSR_20002 | G125: 12월 19일 | H125: 1.5 | I125: =H125*10/190 -> 0.078947368 | J125: 기획자3
A126: 12월 | B126: 마케팅 | C126: PASS활성화 이벤트 | D126: ㄴGS25 신분증결제 오픈 이벤트 1차 | E126: GS25X신분증결제 오픈 이벤트(1차) - 상용 오픈 - 홍보 PUSH 발송 | F126: =VLOOKUP(D126,CSR!$D$4:$E$1180,2,FALSE) -> CSR_20003 | G126: 12월 19일 | H126: 1 | I126: =H126*10/190 -> 0.052631579 | J126: 기획자3
A127: 12월 | B127: 마케팅 | C127: PASS활성화 이벤트 | D127: ㄴGS25 신분증결제 오픈 이벤트 2차 | E127: GS25X신분증결제 오픈 이벤트(2차) - 기획서 작성 - 디자인, 퍼블 요청, 개발 서버 검수 - 홍보 배너 기획 | F127: =VLOOKUP(D127,CSR!$D$4:$E$1180,2,FALSE) -> CSR_20004 | G127: 12월 19일 | H127: 1.5 | I127: =H127*10/190 -> 0.078947368 | J127: 기획자3
A128: 12월 | B128: 마케팅 | C128: 마케팅 관련 고도화 및 지원 | D128: PASS머니 고도화 및 운영 지원 | E128: PASS머니 운영 요청사항 대응 - 서비스 점검 관련 서비스 미노출 처리 - PUSH 유효 사용자 관련 문의 대응 | F128: =VLOOKUP(D128,CSR!$D$4:$E$1180,2,FALSE) -> CSR_20200 | G128: 12월 19일 | H128: 1 | I128: =H128*10/190 -> 0.052631579 | J128: 기획자3
A129: 12월 | B129: 마케팅 | C129: 마케팅 관련 고도화 및 지원 | D129: PUSH시스템 고도화 및 운영 지원 | E129: 12월 마케팅 PUSH 발송 - CP사 일정 취합 - 발송 규격 세팅 - 일별 발송 | F129: =VLOOKUP(D129,CSR!$D$4:$E$1180,2,FALSE) -> CSR_20300 | G129: 12월 19일 | H129: 1.5 | I129: =H129*10/190 -> 0.078947368 | J129: 기획자3
A130: 12월 | B130: 서비스 품질관리 | C130: 서비스 운영 | D130: 금융광고 관리 (PASS 앱 기획, 디자인, 개발 가이드) | E130: 오버테이크 요청사항 대응 - 광고주 팝업 및 인증완료 배너 운영 지원 및 지표 공유 - 대출비교 12월 프로모션 운영 지원 - 머니+하기 프로모션 진행 관련 배너 교체 | F130: =VLOOKUP(D130,CSR!$D$4:$E$1180,2,FALSE) -> CSR_30100 | G130: 12월 19일 | H130: 1.5 | I130: =H130*10/190 -> 0.078947368 | J130: 기획자3
A131: 12월 | B131: 서비스 품질관리 | C131: 서비스 운영 | D131: LGU+ 요청사항 대응 및 운영 | E131: 서비스 무료 가입자 지표 공유 - 11월 서베이 및 일반 무료서비스 가입자 현황 | F131: =VLOOKUP(D131,CSR!$D$4:$E$1180,2,FALSE) -> CSR_30200 | G131: 12월 3일 | H131: 0.5 | I131: =H131*10/190 -> 0.026315789 | J131: 기획자3
A132: 12월 | B132: 마케팅 | C132: PASS활성화 이벤트 | D132: (상시) PASS앱 이벤트 실행·효과분석 | E132: 11월 PASS 서비스 품질지표 작성 - GA 지표 작성 및 보고 | F132: =VLOOKUP(D132,CSR!$D$4:$E$1180,2,FALSE) -> CSR_20000 | G132: 12월 8일 | H132: 2 | I132: =H132*10/190 -> 0.10526316 | J132: 기획자3
... A134: 12월 | B134: 서비스 품질관리 | C134: 서비스 운영 | D134: LGU+ 요청사항 대응 및 운영 | E134: 11월 PASS PV 및 체류시간 데이터 취합 - CP사 데이터 취합 및 유플러스 전달 | F134: =VLOOKUP(D134,CSR!$D$4:$E$1180,2,FALSE) -> CSR_30200 | G134: 12월 8일 | H134: 1.5 | I134: =H134*10/190 -> 0.078947368 | J134: 기획자3
A135: 12월 | B135: 서비스 품질관리 | C135: 서비스 운영 | D135: ㄴ펫신분증 UI 개선 | E135: 펫신분증 고도화 관련 f/u - 정책 등 협의, 기획서 작성 | F135: =VLOOKUP(D135,CSR!$D$4:$E$1180,2,FALSE) -> CSR_11302 | G135: 46010 | H135: 3 | I135: =H135*10/190 -> 0.15789474 | J135: 기획자4
A136: 12월 | B136: 신규사업 개발 | C136: 신규서비스개발 | D136: ㄴ마인드케어 프리미엄 | E136: 마인드케어프리미엄 서비스 연동 - 정책 등 협의, 기획서 작성 - 개발검토 관련 f/u | F136: =VLOOKUP(D136,CSR!$D$4:$E$1180,2,FALSE) -> CSR_41101 | G136: 46010 | H136: 4 | I136: =H136*10/190 -> 0.21052632 | J136: 기획자4
A137: 12월 | B137: 신규사업 개발 | C137: 신규서비스개발 | D137: ㄴ에코혜택모아 | E137: 에코혜택모아 서비스 연동 - 정책 등 협의, 기획서 작성 - 개발검토 관련 f/u | F137: =VLOOKUP(D137,CSR!$D$4:$E$1180,2,FALSE) -> CSR_41102 | G137: 46010 | H137: 4 | I137: =H137*10/190 -> 0.21052632 | J137: 기획자4
A138: 12월 | B138: 서비스 품질관리 | C138: 서비스 운영 | D138: CP 파트너십 관리 (PASS 앱 기획, 디자인, 개발 가이드) | E138: CP 문의 대응 - 스탁/해외주식 등 GTM 스니펫 코드 삽입 제외 안내 - [데이터유니버스] U+PASS 스마트피싱보호 서비스 IP 변경에 따른 방화벽 변경 등록 -> 상용 환경 반영 확인 - 스마트피싱보호(검수환경) 진입 시 오류에 대한 대응 - 부동산지키미(상용환경) 오류 응답값에 대한 확인 요청 - 부동산지키미(상용환경) 서비스 진입 시 오류 에 대한 대응 - 헬스케어 개인정보 제3자 제공동의 약관 변경 대응 - 투데이, 마인드케어 개인정보 제3자 동의 약관 변경 대응 - 생활정보 개인정보 제3자 동의 등 약관 변경에 대한 공지사항 등록 - 기타 문의사항 대응 | F138: =VLOOKUP(D138,CSR!$D$4:$E$1180,2,FALSE) -> CSR_30000 | G138: 46375 | H138: 4 | I138: =H138*10/190 -> 0.21052632 | J138: 기획자4
A139: 11월 | B139: 서비스 품질관리 | C139: 서비스 운영 | D139: LGU+ 요청사항 대응 및 운영 | E139: PASS전자고지 Home 서비스 icon | F139: =VLOOKUP(D139,CSR!$D$4:$E$1180,2,FALSE) -> CSR_30200 | G139: 11월 26일 | H139: 1 | I139: =H139*10/190 -> 0.052631579 | J139: 디자이너1
A140: 11월 | B140: 기능 고도화 | C140: PASS기능개발 | D140: PASS MY 화면 고도화 | E140: MY·전체메뉴 통합 개편 디자인 | F140: =VLOOKUP(D140,CSR!$D$4:$E$1180,2,FALSE) -> CSR_10400 | G140: 11월 28일 | H140: 4 | I140: =H140*10/190 -> 0.21052632 | J140: 디자이너1
A141: 11월 | B141: 신규사업 개발 | C141: 신규서비스개발 | D141: 서비스 개발 | E141: 홈 검색 기능 추가에 따른 시안 | F141: =VLOOKUP(D141,CSR!$D$4:$E$1180,2,FALSE) -> CSR_11300 | G141: 11월 28일 | H141: 3 | I141: =H141*10/190 -> 0.15789474 | J141: 디자이너1
A142: 12월 | B142: 기능 고도화 | C142: PASS기능개발 | D142: ㄴ계좌인증 금융기관 선택 화면 현행화 | E142: 디자인 현행화 | F142: =VLOOKUP(D142,CSR!$D$4:$E$1180,2,FALSE) -> CSR_11303 | G142: 12월 10일 | H142: 1 | I142: =H142*10/190 -> 0.052631579 | J142: 디자이너1
A143: 12월 | B143: 신규사업 개발 | C143: 신규서비스개발 | D143: ㄴ하단GNB 개편 | E143: GNB 개편 시안 디자인 | F143: =VLOOKUP(D143,CSR!$D$4:$E$1180,2,FALSE) -> CSR_11306 | G143: 12월 11일 | H143: 3 | I143: =H143*10/190 -> 0.15789474 | J143: 디자이너1
A144: 12월 | B144: 기능 고도화 | C144: PASS기능개발 | D144: PASS MY 화면 고도화 | E144: MY·전체메뉴 통합 개편 디자인 | F144: =VLOOKUP(D144,CSR!$D$4:$E$1180,2,FALSE) -> CSR_10400 | G144: 12월 19일 | H144: 4 | I144: =H144*10/190 -> 0.21052632 | J144: 디자이너1
A145: 12월 | B145: 신규사업 개발 | C145: 신규서비스개발 | D145: 서비스 개발 | E145: 홈 검색 기능 추가에 따른 시안 | F145: =VLOOKUP(D145,CSR!$D$4:$E$1180,2,FALSE) -> CSR_11300 | G145: 12월 19일 | H145: 3 | I145: =H145*10/190 -> 0.15789474 | J145: 디자이너1
A146: 11월 | B146: 마케팅 | C146: PASS활성화 이벤트 | D146: ㄴGS25 신분증결제 오픈 이벤트 1차 | E146: 기사용 홍보 이미지 제작 | F146: =VLOOKUP(D146,CSR!$D$4:$E$1180,2,FALSE) -> CSR_20003 | G146: 11월 24일 | H146: 0.5 | I146: =H146*10/190 -> 0.026315789 | J146: 디자이너2
A147: 11월 | B147: 마케팅 | C147: PASS활성화 이벤트 | D147: ㄴGS25 신분증결제 오픈 이벤트 1차 | E147: GS25X신분증결제 오픈 이벤트(1차) - 이벤트 페이지 수정 | F147: =VLOOKUP(D147,CSR!$D$4:$E$1180,2,FALSE) -> CSR_20003 | G147: 11월 28일 | H147: 1 | I147: =H147*10/190 -> 0.052631579 | J147: 디자이너2
A148: 12월 | B148: 마케팅 | C148: PASS활성화 이벤트 | D148: ㄴPASS 출첵 스탬프 이벤트 | E148: PASS 출첵 스탬프 이벤트 - 당첨자 발표 페이지 - 홍보배너 수정 | F148: =VLOOKUP(D148,CSR!$D$4:$E$1180,2,FALSE) -> CSR_20002 | G148: 12월 16일 | H148: 3 | I148: =H148*10/190 -> 0.15789474 | J148: 디자이너2
A149: 12월 | B149: 마케팅 | C149: PASS활성화 이벤트 | D149: ㄴGS25 신분증결제 오픈 이벤트 2차 | E149: GS25X신분증결제 오픈 이벤트(2차) - 이벤트 페이지 - 홍보배너 세트 | F149: =VLOOKUP(D149,CSR!$D$4:$E$1180,2,FALSE) -> CSR_20004 | G149: 12월 16일 | H149: 3 | I149: =H149*10/190 -> 0.15789474 | J149: 디자이너2
A150: 12월 | B150: 기능 고도화 | C150: PASS기능개발 | D150: PASS 다크모드 지원 | E150: iOS 26 위젯 디자인 적용 | F150: =VLOOKUP(D150,CSR!$D$4:$E$1180,2,FALSE) -> CSR_10300 | G150: 12월 26일 | H150: 2 | I150: =H150*10/190 -> 0.10526316 | J150: 디자이너2
A151: 12월 | B151: 서비스 품질관리 | C151: 서비스 운영 | D151: LGU+ 요청사항 대응 및 운영 | E151: MASA 결제연동 이벤트 홍보 지원 | F151: =VLOOKUP(D151,CSR!$D$4:$E$1180,2,FALSE) -> CSR_30200 | G151: 12월 3일 | H151: 0.5 | I151: =H151*10/190 -> 0.026315789 | J151: 디자이너2
A152: 12월 | B152: 서비스 품질관리 | C152: 서비스 운영 | D152: 업무보고 및 협의 | E152: PASS전략파트너 개발 관련 업무보고 및 협의 - 내부/외부 회의 및 협의 | F152: =VLOOKUP(D152,CSR!$D$4:$E$1180,2,FALSE) -> CSR_30600 | G152: 46010 | H152: 5 | I152: =H152*10/190 -> 0.26315789 | J152: 사업PM
A153: 11월 | B153: 기능 고도화 | C153: PASS기능개발 | D153: 서비스 개발 | E153: 우리동네GS 성인인증 건수 통계 추가 건 기획 협의 및 분석 - 모바일신분증 | F153: =VLOOKUP(D153,CSR!$D$4:$E$1180,2,FALSE) -> CSR_11300 | G153: 45989 | H153: 2 | I153: =H153*10/190 -> 0.10526316 | J153: 서버개발자1
A154: 11월 | B154: 서비스 품질관리 | C154: 서비스 운영 | D154: LGU+ 요청사항 대응 및 운영 | E154: 보안 강화 관련 과업 검토 요청 대응 - 부가서비스 | F154: =VLOOKUP(D154,CSR!$D$4:$E$1180,2,FALSE) -> CSR_30200 | G154: 45989 | H154: 2 | I154: =H154*10/190 -> 0.10526316 | J154: 서버개발자1
A155: 11월 | B155: 서비스 품질관리 | C155: 시스템 운영 | D155: 서버 운영 지원 및 모니터링/장애대응_신분증 서비스 | E155: 메사쿠어 안면인증 사용자 정보 및 인증 이력삭제 대응 및 모니터링 | F155: =VLOOKUP(D155,CSR!$D$4:$E$1180,2,FALSE) -> CSR_30800 | G155: 45989 | H155: 1 | I155: =H155*10/190 -> 0.052631579 | J155: 서버개발자1
A156: 12월 | B156: 신규사업 개발 | C156: 신규서비스개발 | D156: ㄴ마인드케어 프리미엄 | E156: 부가서비스 PASS마인드케어 프리미엄 개발 검토 | F156: =VLOOKUP(D156,CSR!$D$4:$E$1180,2,FALSE) -> CSR_41101 | G156: 45996 | H156: 2 | I156: =H156*10/190 -> 0.10526316 | J156: 서버개발자1
A157: 12월 | B157: 신규사업 개발 | C157: 신규서비스개발 | D157: ㄴ에코혜택모아 | E157: 부가서비스 PASS에코혜택모아 개발 검토 | F157: =VLOOKUP(D157,CSR!$D$4:$E$1180,2,FALSE) -> CSR_41102 | G157: 45996 | H157: 2 | I157: =H157*10/190 -> 0.10526316 | J157: 서버개발자1
A158: 12월 | B158: 기능 고도화 | C158: PASS기능개발 | D158: PASS MY 화면 고도화 | E158: MY 전체메뉴 통합 개편 개발 검토 및 추가 협의 - 모바일신분증 | F158: =VLOOKUP(D158,CSR!$D$4:$E$1180,2,FALSE) -> CSR_10400 | G158: 46003 | H158: 2 | I158: =H158*10/190 -> 0.10526316 | J158: 서버개발자1
A159: 12월 | B159: 기능 고도화 | C159: PASS기능개발 | D159: 서비스 개발 | E159: 서버 내부 소스 검수 및 버그 개선 - 부가서비스 | F159: =VLOOKUP(D159,CSR!$D$4:$E$1180,2,FALSE) -> CSR_11300 | G159: 46003 | H159: 3 | I159: =H159*10/190 -> 0.15789474 | J159: 서버개발자1
A160: 12월 | B160: 신규사업 개발 | C160: 신규서비스개발 | D160: ㄴ마인드케어 프리미엄 | E160: 부가서비스 PASS마인드케어 프리미엄 개발 검토 및 협의 | F160: =VLOOKUP(D160,CSR!$D$4:$E$1180,2,FALSE) -> CSR_41101 | G160: 46010 | H160: 3 | I160: =H160*10/190 -> 0.15789474 | J160: 서버개발자1
A161: 12월 | B161: 신규사업 개발 | C161: 신규서비스개발 | D161: ㄴ에코혜택모아 | E161: 부가서비스 PASS에코혜택모아 개발 검토 및 협의 | F161: =VLOOKUP(D161,CSR!$D$4:$E$1180,2,FALSE) -> CSR_41102 | G161: 46010 | H161: 2 | I161: =H161*10/190 -> 0.10526316 | J161: 서버개발자1
A162: 11월 | B162: 기능 고도화 | C162: PASS기능개발 | D162: ㄴ26년 01월 2차 서버 검수 | E162: 부가서비스 버전 업그레이드 CVT 준비 - 기능 검증 및 성능테스트 | F162: =VLOOKUP(D162,CSR!$D$4:$E$1180,2,FALSE) -> CSR_11405 | G162: 45989 | H162: 2 | I162: =H162*10/190 -> 0.10526316 | J162: 서버개발자2
A163: 11월 | B163: 서비스 품질관리 | C163: 서비스 운영 | D163: LGU+ 요청사항 대응 및 운영 | E163: 25년 11월 취약점 점검 관련 대응 | F163: =VLOOKUP(D163,CSR!$D$4:$E$1180,2,FALSE) -> CSR_30200 | G163: 45989 | H163: 2 | I163: =H163*10/190 -> 0.10526316 | J163: 서버개발자2
... A212: 12월 | B212: 기능 고도화 | C212: PASS기능개발 | D212: ㄴ1:1 문의 카테고리 추가 | E212: 1:1문의하기 카테고리 퍼블 작업 | F212: =VLOOKUP(D212,CSR!$D$4:$E$1180,2,FALSE) -> CSR_11304 | G212: 46010 | H212: 2 | I212: =H212*10/190 -> 0.10526316 | J212: 퍼블리셔

Sheet 25년11월
A1: 월 | B1: 구분 | C1: 중점추진과제 | D1: 상세추진과제 | E1: 상세 추진 내용 | F1: CSR ID | G1: 완료일시 | H1: 투입M/D | I1: 투입M/M | J1: 처리자 | K1: 비고 | L1: =SUM(#REF!) -> #REF!
A2: 10월 | B2: 서비스 품질관리 | C2: 서비스 운영 | D2: LGU+ 요청사항 대응 및 운영 | E2: 인증서 인정평가 관련 증적 대응 - AOS | F2: =VLOOKUP(D2,CSR!$D$4:$E$1180,2,FALSE) -> CSR_30200 | G2: 45954 | H2: 3 | I2: =H2*10/190 -> 0.15789474 | J2: Android개발자1
A3: 10월 | B3: 서비스 품질관리 | C3: 서비스 운영 | D3: LGU+ 요청사항 대응 및 운영 | E3: PASS인증서 인정평가 인터뷰 대응 | F3: =VLOOKUP(D3,CSR!$D$4:$E$1180,2,FALSE) -> CSR_30200 | G3: 45954 | H3: 1 | I3: =H3*10/190 -> 0.052631579 | J3: Android개발자1
A4: 10월 | B4: 기능 고도화 | C4: PASS기능개발 | D4: 서비스 개발 | E4: 비밀번호변경 우회 방지 추가 개발 - AOS | F4: =VLOOKUP(D4,CSR!$D$4:$E$1180,2,FALSE) -> CSR_11300 | G4: 45961 | H4: 2 | I4: =H4*10/190 -> 0.10526316 | J4: Android개발자1
A5: 10월 | B5: 기능 고도화 | C5: PASS기능개발 | D5: 서비스 개발 | E5: 회원가입 시 계좌인증 추가 개발 검토 - AOS | F5: =VLOOKUP(D5,CSR!$D$4:$E$1180,2,FALSE) -> CSR_11300 | G5: 45961 | H5: 2 | I5: =H5*10/190 -> 0.10526316 | J5: Android개발자1
A6: 11월 | B6: 기능 고도화 | C6: PASS기능개발 | D6: 서비스 개발 | E6: 회원가입 시 계좌인증 추가 개발 - AOS | F6: =VLOOKUP(D6,CSR!$D$4:$E$1180,2,FALSE) -> CSR_11300 | G6: 45968 | H6: 2 | I6: =H6*10/190 -> 0.10526316 | J6: Android개발자1
A7: 11월 | B7: 기능 고도화 | C7: PASS기능개발 | D7: ㄴ25년 11월 앱 배포 검수 | E7: 앱 DVT 대응 (AOS) - 기획 추가 협의 - 수정 개발 | F7: =VLOOKUP(D7,CSR!$D$4:$E$1180,2,FALSE) -> CSR_11402 | G7: 45968 | H7: 1 | I7: =H7*10/190 -> 0.052631579 | J7: Android개발자1
A8: 11월 | B8: 기능 고도화 | C8: PASS기능개발 | D8: ㄴ25년 11월 앱 배포 검수 | E8: 앱 CVT 준비 및 점검 (AOS) - 소스 DVT 항목 소스 추가 머지 - CVT 기능점검 | F8: =VLOOKUP(D8,CSR!$D$4:$E$1180,2,FALSE) -> CSR_11402 | G8: 45975 | H8: 2 | I8: =H8*10/190 -> 0.10526316 | J8: Android개발자1
A9: 11월 | B9: 기능 고도화 | C9: PASS기능개발 | D9: ㄴ25년 11월 앱 배포 검수 | E9: 앱 CVT 1차 대응 (AOS) - CVT 이슈 항목 점검 - 내부 기능점검 | F9: =VLOOKUP(D9,CSR!$D$4:$E$1180,2,FALSE) -> CSR_11402 | G9: 45975 | H9: 2 | I9: =H9*10/190 -> 0.10526316 | J9: Android개발자1
A10: 11월 | B10: 기능 고도화 | C10: PASS기능개발 | D10: 서비스 개발 | E10: 기존문제점 항목 수정 개발 - AOS | F10: =VLOOKUP(D10,CSR!$D$4:$E$1180,2,FALSE) -> CSR_11300 | G10: 45981 | H10: 2 | I10: =H10*10/190 -> 0.10526316 | J10: Android개발자1
A11: 11월 | B11: 기능 고도화 | C11: PASS기능개발 | D11: ㄴ25년 11월 앱 배포 검수 | E11: 앱 CVT 2차 준비 및 검토 (AOS) - 1차 CVT 이슈 항목 취합 및 머지 - CVT 2차 앱 준비 및 내부 기능 점검 | F11: =VLOOKUP(D11,CSR!$D$4:$E$1180,2,FALSE) -> CSR_11402 | G11: 45981 | H11: 2 | I11: =H11*10/190 -> 0.10526316 | J11: Android개발자1
A12: 10월 | B12: 신규사업 개발 | C12: 인증플랫폼 | D12: 인증서 고도화 | E12: 인증서 인정평가 수정사항 대응 개발 - AOS | F12: =VLOOKUP(D12,CSR!$D$4:$E$1180,2,FALSE) -> CSR_40500 | G12: 45954 | H12: 3 | I12: =H12*10/190 -> 0.15789474 | J12: Android개발자2
A13: 10월 | B13: 신규사업 개발 | C13: 인증플랫폼 | D13: 통신업무 "안면인증" PASS 활용 기능 및 사업화 | E13: 메사쿠어 안면등록 개선 개발 - AOS | F13: =VLOOKUP(D13,CSR!$D$4:$E$1180,2,FALSE) -> CSR_40400 | G13: 45961 | H13: 4 | I13: =H13*10/190 -> 0.21052632 | J13: Android개발자2
... A89: 11월 | B89: 서비스 품질관리 | C89: 서비스 운영 | D89: CP 파트너십 관리 (PASS 앱 기획, 디자인, 개발 가이드) | E89: CP사 대응 (앱전달 요청) - 간편본인확인, 폴라리스오피트, 유플러스, 아톤 | F89: =VLOOKUP(D89,CSR!$D$4:$E$1180,2,FALSE) -> CSR_30000 | G89: 45981 | H89: 1 | I89: =H89*10/190 -> 0.052631579 | J89: iOS개발자4
A90: 10월 | B90: 기능 고도화 | C90: PASS기능개발 | D90: ㄴ25년 11월 앱 배포 검수 | E90: 25년 11월 개편 앱 DVT 준비 - 기존 이슈 항목 점검 - TC 설계 및 테스트 환경 세팅 | F90: =VLOOKUP(D90,CSR!$D$4:$E$1180,2,FALSE) -> CSR_11402 | G90: 45954 | H90: 3 | I90: 0.15789474 | J90: QA1
A91: 10월 | B91: 기능 고도화 | C91: PASS기능개발 | D91: ㄴ25년 11월 앱 배포 검수 | E91: 25년 11월 개편 앱 DVT 준비 - 기존 이슈 항목 점검 - TC 설계 및 테스트 환경 세팅 | F91: =VLOOKUP(D91,CSR!$D$4:$E$1180,2,FALSE) -> CSR_11402 | G91: 45954 | H91: 2 | I91: 0.10526316 | J91: QA1
A92: 10월 | B92: 기능 고도화 | C92: PASS기능개발 | D92: ㄴ25년 11월 앱 배포 검수 | E92: 25년 11월 개편 앱 DVT - DVT 수행 | F92: =VLOOKUP(D92,CSR!$D$4:$E$1180,2,FALSE) -> CSR_11402 | G92: 45961 | H92: 5 | I92: 0.26315789 | J92: QA1
A93: 11월 | B93: 기능 고도화 | C93: PASS기능개발 | D93: ㄴ25년 11월 앱 배포 검수 | E93: 25년 11월 개편 앱 DVT - DVT 수행 | F93: =VLOOKUP(D93,CSR!$D$4:$E$1180,2,FALSE) -> CSR_11402 | G93: 45968 | H93: 5 | I93: 0.26315789 | J93: QA1
A94: 11월 | B94: 기능 고도화 | C94: PASS기능개발 | D94: ㄴ25년 11월 앱 배포 검수 | E94: 25년 11월 개편 앱 CVT 1차 대응 - CVT 이슈 항목 점검 - 내부 기능점검 | F94: =VLOOKUP(D94,CSR!$D$4:$E$1180,2,FALSE) -> CSR_11402 | G94: 45972 | H94: 2 | I94: 0.10526316 | J94: QA1
A95: 11월 | B95: 서비스품질관리 | C95: 서비스운영 | D95: LGU+ 요청사항 대응 및 운영 | E95: 검수기 등록 - CP사 2건 | F95: =VLOOKUP(D95,CSR!$D$4:$E$1180,2,FALSE) -> CSR_30200 | G95: 45980 | H95: 1 | I95: 0.052631579 | J95: QA1
A96: 11월 | B96: 기능 고도화 | C96: PASS기능개발 | D96: ㄴ25년 11월 앱 배포 검수 | E96: 25년 11월 개편 앱 CVT 2차 준비 - CVT 이슈 항목 점검 - CVT 2차 앱 준비 및 내부 기능 점검 | F96: =VLOOKUP(D96,CSR!$D$4:$E$1180,2,FALSE) -> CSR_11402 | G96: 45981 | H96: 1 | I96: 0.052631579 | J96: QA1
A97: 10월 | B97: 기능 고도화 | C97: PASS기능개발 | D97: ㄴ25년 11월 앱 배포 검수 | E97: 25년 11월 개편 앱 DVT 준비 - 기존 이슈 항목 점검 - TC 설계 및 테스트 환경 세팅 | F97: CSR_11402 | G97: 45954 | H97: 3 | I97: 0.15789474 | J97: QA2
A98: 10월 | B98: 기능 고도화 | C98: PASS기능개발 | D98: ㄴ25년 11월 앱 배포 검수 | E98: 25년 11월 개편 앱 DVT 준비 - 기존 이슈 항목 점검 - TC 설계 및 테스트 환경 세팅 | F98: CSR_11402 | G98: 45954 | H98: 2 | I98: 0.10526316 | J98: QA2
A99: 10월 | B99: 기능 고도화 | C99: PASS기능개발 | D99: ㄴ25년 11월 앱 배포 검수 | E99: 25년 11월 개편 앱 DVT - DVT 수행 | F99: CSR_11402 | G99: 45961 | H99: 5 | I99: 0.26315789 | J99: QA2
A100: 11월 | B100: 기능 고도화 | C100: PASS기능개발 | D100: ㄴ25년 11월 앱 배포 검수 | E100: 25년 11월 개편 앱 DVT - DVT 수행 | F100: CSR_11402 | G100: 45968 | H100: 5 | I100: 0.26315789 | J100: QA2
A101: 11월 | B101: 기능 고도화 | C101: PASS기능개발 | D101: ㄴ25년 11월 앱 배포 검수 | E101: 25년 11월 개편 앱 CVT 1차 대응 - CVT 이슈 항목 점검 - 내부 기능점검 | F101: CSR_11402 | G101: 45972 | H101: 2 | I101: 0.10526316 | J101: QA2
A102: 11월 | B102: 기능 고도화 | C102: PASS기능개발 | D102: ㄴ25년 11월 앱 배포 검수 | E102: 25년 11월 개편 앱 CVT 2차 준비 - CVT 이슈 항목 점검 - CVT 2차 앱 준비 및 내부 기능 점검 | F102: CSR_11402 | G102: 45981 | H102: 2 | I102: 0.11 | J102: QA2
A103: 10월 | B103: 서비스 품질관리 | C103: 서비스 운영 | D103: 업무보고 및 협의 | E103: PASS전략파트너 개발 관련 업무보고 및 협의 - 내부/외부 회의 및 협의 | F103: =VLOOKUP(D103,CSR!$D$4:$E$1180,2,FALSE) -> CSR_30600 | G103: 45954 | H103: 3 | I103: =H103*10/190 -> 0.15789474 | J103: 개발PM
A104: 10월 | B104: 서비스 품질관리 | C104: 서비스 운영 | D104: 업무보고 및 협의 | E104: PASS전략파트너 개발 관련 업무보고 및 협의 - 내부/외부 회의 및 협의 | F104: =VLOOKUP(D104,CSR!$D$4:$E$1180,2,FALSE) -> CSR_30600 | G104: 45961 | H104: 4 | I104: =H104*10/190 -> 0.21052632 | J104: 개발PM
A105: 11월 | B105: 서비스 품질관리 | C105: 서비스 운영 | D105: 업무보고 및 협의 | E105: PASS전략파트너 개발 관련 업무보고 및 협의 - 내부/외부 회의 및 협의 | F105: =VLOOKUP(D105,CSR!$D$4:$E$1180,2,FALSE) -> CSR_30600 | G105: 45968 | H105: 4 | I105: =H105*10/190 -> 0.21052632 | J105: 개발PM
